Código proyecto,Nombre proyecto,Cliente,Industria,Categoría principal,Participantes,Tags,Contraparte,Cargo contraparte,Fecha Inicio,Fecha término,Resumen proyecto,Link,Modificado por,Creado,Modificado,Encargado de proyecto N°1 (Creador Proyecto/Modificador PREZ Antiguo),Encargado de proyecto N°2 (Participante Antiguo),Encargado de proyecto N°3 (Modificador PREZ reciente)
AMS01,Gestión del cambio Modelo Operativo,Antofagasta Minerals,Minería,Gestión del cambio,"[""José Miguel Sepúlveda"",""Alejandra Loyola"",""Daniel Coelho"",""Alfonso Undurraga"",""Cristian Lichtin"",""Juan Ignacio Castro"",""Pablo González"",""Nicolás Díaz"",""Vicente Loyola""]","[""Capacitación"",""Comités"",""Cultura organizacional"",""KPIs"",""Mapeo de stakeholders"",""Modelo operativo"",""Agentes de cambio"",""Diagnostico"",""Plan de gestión del cambio"",""Quick wins""]",Pablo Carvallo,Gerente corporativo de optimización de operaciones,7/1/2018,4/6/2018,El proyecto consistió en la implementación de un plan de gestión del cambio para habilitar la instalación del nuevo Modelo Operativo diseñado por Bain en las 4 compañías del grupo Antofagasta Minerals,/sites/Proyectos-TheHouse/Documentos compartidos/Antofagasta Minerals/AMS01 - Gestión del cambio MO,Josue Meneses,10/8/2024 11:41 AM,7/23/2026 7:34 AM,Mariana  Hernandez Eyquem,Alfonso Undurraga Bordeu,
ANG02,Transformación Los Bronces,Anglo American,Minería,Eficiencia operacional,"[""Javier Uribe"",""José Miguel Sepúlveda"",""Mariana Hernández""]","[""Roadmap"",""Productividad"",""Prioridades estratégicas"",""Plan de implementación"",""Eficiencia"",""Benchmark"",""Caso de negocio"",""Bonos"",""Comités""]",Juan Carlos Román,VP Sustainability and Productivity,1/5/2018,2/9/2018,"Apoyar al equipo al equipo de productividad y eficiencia de Anglo American a diseñar un plan de transformación a largo plazo para Los Broces, para revertir los malos resultados de los últimos años y anticiparse a un escenario desafiante que se generaría",/sites/Proyectos-TheHouse/Documentos compartidos/Anglo American/ANG02 - Transformación Los Bronces,Josue Meneses,10/8/2024 11:41 AM,7/22/2026 12:59 PM,Martín Rosenfeld,Jose Miguel Sepúlveda Donoso,Martín Rosenfeld
ANG03,Reubicación de personal Los Bronces,Anglo American,Minería,Gestión del cambio,"[""José Miguel Sepúlveda"",""Alejandra Loyola"",""Loredanna Celleri"",""Alfonso Undurraga"",""Pablo González"",""Mariana Hernández"",""Juan Ignacio Castro""]","[""Agentes de cambio"",""Alineamiento ejecutivo"",""Capacitación"",""Implementación de sistemas"",""Cultura organizacional"",""Mapeo de stakeholders"",""Onboarding"",""Plan de implementación"",""KPIs"",""Plan de gestión del cambio"",""Seguimiento"",""Plan de comunicación""]",Sofía Sánchez/ Patricio Chacana,VP Personas y Organización,6/1/2020,16/4/2020,"El objetivo del proyecto fue diseñar e implementar un plan para reubicar fuera de la operación a los supervisores del turno H de Los Bronces y Las Tórtolas, mejorando la seguridad, calidad de vida y flexibilidad de los trabajadores. El proyecto contó con ",/sites/Proyectos-TheHouse/Documentos compartidos/Anglo American/ANG03 - Relocation Offsite LB,Josue Meneses,10/8/2024 11:41 AM,7/22/2026 12:49 PM,,Alfonso Undurraga Bordeu,
ANT01,Instalación Modelo Operativo,Antofagasta Minerals,Minería,Gestión del cambio,"[""Mariana Hernández"",""Tomás Tapia"",""Ignacio Villar"",""Pablo González"",""Alejandra Loyola""]","[""Agentes de cambio"",""Capacitación"",""Cultura organizacional"",""Mejores practicas"",""Modelo operativo"",""Quick wins"",""Mapeo de stakeholders"",""Seguimiento"",""KPIs"",""Plan de gestión del cambio"",""Roadmap""]",Claudia Rozas,PMO Antucoya,5/10/2018,8/10/2018,"Se trabajó con Antucoya en la implementación del Modelo Operativo, a través de trabajo en terreno enfocado en cuatro pilares: transformación cultural, capacidades y entendimiento del rol, foros y KPIs, y guiado por cuatro herramientas: efectividad de foro",/:f:/s/Proyectos-TheHouse/IgBZBmYHSYG6SrGEEzgycxqJAQO05PTX9XEzkvWGg-hb7K0?e=rtZAHn,María Fé Solís,10/8/2024 11:41 AM,6/12/2026 9:37 AM,,,
ANT02,Continuación Instalación Modelo Operativo,Antofagasta Minerals,Minería,Gestión del cambio,"[""Mariana Hernández"",""Alejandra Loyola"",""Juan Pablo Arriagada"",""Pablo González""]","[""Alineamiento ejecutivo"",""KPIs"",""Propósito"",""Seguimiento"",""Quick wins"",""Caso de negocio"",""Levantamiento de agenda"",""Plan de gestión del cambio"",""Roadmap""]",Claudia Rozas,PMO Antucoya,17/8/2018,30/9/2018,"Luego de un primer proyecto de acompañamiento la instalación del Modelo Operativo, se continuó trabajando con Antucoya a través de trabajo en terreno enfocado en cuatro pilares: transformación cultural, capacidades y entendimiento del rol, foros y KPIs, y",/sites/Proyectos-TheHouse/Documentos compartidos/Antofagasta Minerals/ANT02 - Continuación Instalación MO,Josue Meneses,10/8/2024 11:41 AM,8/9/2026 3:39 PM,,,Joaquín López
ARA03,Planificación estratégica 2018,Arauco,RR Naturales,Estrategia,"[""Alfonso Undurraga"",""Victor Alastuey"",""José Miguel Sepúlveda"",""Francisco Álamos"",""Alejandra Loyola""]","[""Desarrollo ejecutivo"",""Evaluación 360°"",""Plan de implementación"",""Alineamiento ejecutivo"",""Comités"",""Diagnostico"",""Focos estratégicos"",""Planificación estratégica"",""Coaching"",""Definiciones estratégicas"",""Equipos de alto desempeño"",""Iniciativas estratégicas"",""Prioridades estratégicas"",""Propósito""]",Francisco Zamorano,Gerente de Personas y SSO Celulosa Arauco,12/1/2017,,"Se acompaño al Negocio de Celulosa Arauco en las definiciones estratégicas para el año 2018, lo que fue acompañado con un frente de liderazgo movilizador donde se evaluaron competencias y capacidades de principales ejecutivos del Negocio, los que en algun",/sites/Proyectos-TheHouse/Documentos compartidos/Arauco/ARA03 - Planificación estratégica 2018,Josue Meneses,10/8/2024 11:41 AM,7/23/2026 7:21 AM,Sofía Figueroa,Alfonso Undurraga Bordeu,
ARA04,Focos estratégicos Negocio TI Celulosa y Energía 2018,Arauco,RR Naturales,Estrategia,"[""José Miguel Sepúlveda"",""Juan Pablo Arriagada"",""Enrique Bravo"",""Victor Alastuey""]","[""Definiciones estratégicas"",""Diagnostico"",""Implementación de sistemas"",""Plan de implementación"",""Productividad"",""Roadmap""]",Sebastián Mandiola,Gerente Suministros Celulosa Arauco,9/3/2018,14/11/2018,"Se apoyo en el proceso de planificación de desarrollo tecnológico para las plantas de Celulosa y Energía, para lo cual se trabajo con el equipo ejecutivo del Negocio y los gerentes de las 6 plantas. Se realizaron tres sesiones de trabajo que se tradujeron",/sites/Proyectos-TheHouse/Documentos compartidos/Arauco/ARA04 - Focos estratégicos TI,Josue Meneses,10/8/2024 11:41 AM,7/23/2026 7:23 AM,,Jose Miguel Sepúlveda Donoso,
ARA05,Focos Estratégicos para el Negocio de Celulosa y Energía 2019,Arauco,RR Naturales,Estrategia,"[""Alfonso Undurraga"",""Juan Pablo Arriagada"",""Javier Uribe"",""Victor Alastuey"",""José Miguel Sepúlveda""]","[""Descriptor de cargo"",""Implementación de sistemas"",""Iniciativas estratégicas"",""Optimización de procesos"",""Plan de implementación"",""Roadmap"",""Seguimiento""]",Sebastián Mandiola,Gerente Suministros Celulosa Arauco,17/12/2018,3/7/2019,Proyecto que surge como continuación a ARA04 (Planificación desarrollo tecnológico en plantas de celulosa). Durante el proyecto se apoyo en la planificación a detalle de la implementación del desarrollo tecnológico para las plantas Licancel y Arauco. Se r,/sites/Proyectos-TheHouse/Documentos compartidos/Arauco/ARA05 - Planificación desarrollo tecnológico,Josue Meneses,10/8/2024 11:41 AM,7/27/2026 9:34 AM,,Alfonso Undurraga Bordeu,Sofía Figueroa
ARA07,Planificación estratégica de Gerencia de Informática,Arauco,RR Naturales,Estrategia,"[""Pablo González"",""Nicolás Díaz"",""José Miguel Sepúlveda"",""Tomás Tapia"",""Juan Diego Covarrubias""]","[""Focos estratégicos"",""Alineamiento ejecutivo"",""Derco"",""Posicionamiento estratégico"",""Prioridades estratégicas"",""Benchmark"",""Cultura organizacional"",""Socio estratégico"",""Definiciones estratégicas"",""Iniciativas estratégicas"",""Integración"",""Plan de comunicación"",""Plan de implementación"",""Planificación estratégica"",""Propósito"",""Roadmap""]",Leandro San Miguel,Gerente TI,20/12/2018,23/4/2019,"Se realizó un análisis de la situación actual de la Gerencia en tres dimensiones: desafíos de Arauco, tendencias de industria y visión interna. A partir de estos hallazgos se realizó un proceso de planificación estratégica que resultó en el objetivo de la",/sites/Proyectos-TheHouse/Documentos compartidos/Arauco/ARA07 - Estrategia Gerencia Informática,Josue Meneses,10/8/2024 11:41 AM,7/23/2026 7:23 AM,,Jose Miguel Sepúlveda Donoso,
ARA08,Apoyo y Seguimiento de Células Fast Track de la Gerencia de Informática,Arauco,RR Naturales,Eficiencia operacional,"[""Tomás Tapia"",""José Miguel Sepúlveda"",""Juan Ignacio Castro"",""Nicolás Díaz"",""Pablo González""]","[""Capacitación"",""Agile"",""Definiciones estratégicas"",""Eficiencia"",""Focos estratégicos"",""Implementación de sistemas"",""Iniciativas estratégicas"",""Mapeo de stakeholders"",""Optimización de procesos"",""Plan de implementación"",""Planificación estratégica"",""Prioridades estratégicas"",""Roadmap"",""Productividad"",""Seguimiento"",""Propósito"",""Quick wins"",""Socio estratégico""]",Leandro San Miguel,Gerente de Informática,15/4/2019,8/9/2019,"A partir de una de las iniciativas de la planificación estratégica de la Gerencia de Informática, se piloteo la metodología ágil en la ejecución de algunos proyectos informáticos. Se crearon cuatro células que fueron capacitadas en la metodología",/sites/Proyectos-TheHouse/Documentos compartidos/Arauco/ARA08 - Procesos Fast Track,Josue Meneses,10/8/2024 11:41 AM,7/23/2026 7:27 AM,,Jose Miguel Sepúlveda Donoso,
ARA09,Potenciando el talento,Arauco,RR Naturales,Sistema organizacional,"[""Alejandra Loyola"",""Alejandra Soto"",""Pablo Guarda"",""Juan Pablo Arriagada""]","[""Capacitación"",""Engagement"",""Modelo de talento"",""Coaching"",""Reclutamiento"",""Compensaciones"",""Desarrollo de carrera"",""Descriptor de cargo"",""Dinámica de equipo"",""Equipos de alto desempeño"",""Onboarding""]",Carolina Demangel,Jefe de Proyectos para el Negocio de Celulosa,6/10/2019,8/2/2019,"Potenciar el talento en las plantas de celulosa a través del diseño de un paquete motivante que permita atraer candidatos idóneos y del diseño de un proceso de selección de candidatos, que incluye distintas actividades",/sites/Proyectos-TheHouse/Documentos compartidos/Arauco/ARA09 - Potenciando el Talento,Josue Meneses,10/8/2024 11:41 AM,7/23/2026 7:28 AM,,Alejandra Loyola Schmidt,
ARA11,Hoja de ruta Gerencia de Finanzas,Arauco,Recursos naturales,Estrategia,"[""José Miguel Sepúlveda"",""Alfonso Undurraga"",""Francisco Santa Cruz"",""María Ignacia Phillips"",""Loredanna Celleri""]","[""Definiciones estratégicas"",""Focos estratégicos"",""Dinámica de equipo"",""Socio estratégico"",""Diagnostico"",""Implementación de sistemas"",""Iniciativas estratégicas"",""Planificación estratégica"",""Propósito""]",Gianfranco Truffello,Gerente corporativo de finanzas,22/3/2021,5/5/2021,"Generación de una Hoja de ruta común para la Gerencia Corporativa de Finanzas que integrara los planes estratégicos de sus áreas (Tesorería, Contabilidad, Gestión y Estudios, Impuestos, Compras e Informática)",/sites/Proyectos-TheHouse/Documentos compartidos/Arauco/ARA11 - Hoja de ruta Gerencia Corporativa de Finanzas,Josue Meneses,10/8/2024 11:41 AM,7/23/2026 7:30 AM,Alfonso Undurraga Bordeu,Alfonso Undurraga Bordeu,
ARA12,Estructura y hoja de ruta para la Gerencia de Personas y Sustentabilidad,Arauco,Recursos naturales,Sistema organizacional,"[""Felipe Zorzano"",""Jorge Vásquez"",""Pablo Murillo"",""José Miguel Sepúlveda"",""Alejandra Loyola"",""Nicolás Díaz"",""Josefina Guridi"",""Sebastián Cifuentes"",""Ángela Garafulic"",""Honorino Landa""]","[""Alineamiento ejecutivo"",""Benchmark"",""Definiciones estratégicas"",""Derco"",""Descriptor de cargo"",""Estructura"",""Focos estratégicos"",""Coaching"",""Comités"",""KPIs"",""Mapeo de stakeholders"",""Planificación estratégica"",""Prioridades estratégicas"",""Cultura organizacional"",""Diagnostico"",""Iniciativas estratégicas"",""Levantamiento de agenda"",""Mejores practicas"",""Propósito"",""Socio estratégico"",""RACI"",""Roadmap""]",Charles Kimber,Gerente Personas y Sustentabilidad,9/2/2022,17/1/2023,Diseño de la nueva estructura para la Gerencia de Personas y Sustentabilidad dados los cambios en los reportes directos del Gerente y desarrollo de la estrategia que permitiese generar mayor valor como Gerencia de apoyo }a los negocios y países,/sites/Proyectos-TheHouse/Documentos compartidos/Arauco/ARA12 - Estructura y hoja de ruta para Gerencia de Personas y Sustentabilidad,Josue Meneses,10/8/2024 11:41 AM,7/23/2026 7:31 AM,Sebastián Cifuentes,Sebastián Cifuentes,
BHP05,Alineamiento a la Estrategia de Ejecución Proyecto SGO,BHP,Minería,Desarrollo de equipo ejecutivo,"[""Patricia Graber"",""Alfonso Undurraga"",""Alejandra Loyola"",""Pablo González"",""Pablo Cruz"",""Olivia Sanchez"",""Juan Diego Covarrubias"",""Daniel Coelho"",""Alejandra Soto"",""Victor Alastuey""]","[""Alineamiento ejecutivo"",""Coaching"",""Comités"",""Cultura organizacional"",""Desarrollo ejecutivo"",""Derco"",""Eneagrama"",""Engagement"",""Diagnostico"",""Dinámica de equipo"",""Equipos de alto desempeño"",""Estructura"",""Evaluación 360°"",""Liderazgo"",""Plan de comunicación"",""Integración"",""Modelo de gobierno"",""Propósito"",""Plan de implementación""]",Mariela Ibacache,S. Project Delivery Integration,3/1/2018,30/1/2019,"Acompañar al Owner’s Team con foco en los Area Managers del proyecto SGO, alineándolos a la estrategia y fortaleciendo sus habilidades de liderazgo y coordinación",/sites/Proyectos-TheHouse/Documentos compartidos/BHP/BHP05 - Alineamiento a la Estrategia de Ejecución Proyecto SGO,Josue Meneses,10/8/2024 11:41 AM,8/20/2026 7:18 AM,Mariana  Hernandez Eyquem,Alfonso Undurraga Bordeu,Florencia Santa Cruz
BHP06,Taller de equipo Project Services,BHP,Minería,Desarrollo de equipo ejecutivo,"[""Alejandra Loyola"",""Victor Alastuey"",""Patricia Graber"",""Juan Ignacio Castro""]","[""Engagement"",""Dinámica de equipo"",""Comités"",""Liderazgo"",""Seguimiento"",""Cultura organizacional"",""Desarrollo ejecutivo"",""Encuesta de clima"",""Equipos de alto desempeño"",""Propósito"",""RACI""]",Alejandra Escobar,Project services manager,7/3/2018,27/7/2018,"Se realizó un taller de equipo para potenciar la comunicación, coordinación y confianza en el equipo de project services. Para esto se entrevistó a los principales ejecutivos de BHP y del IC y se realizó una encuesta online para obtener la percepción",/sites/Proyectos-TheHouse/Documentos compartidos/BHP/BHP06 - Taller Alineamiento equipo project services,Josue Meneses,10/8/2024 11:41 AM,7/23/2026 9:11 AM,Elisa  Robinson,Alejandra Loyola Schmidt,
BHP07,Taller Construcción,BHP,Minería,Desarrollo de equipo ejecutivo,"[""Alejandra Loyola"",""Victor Alastuey"",""Olivia Sanchez""]","[""Liderazgo"",""Equipos de alto desempeño"",""Cultura organizacional"",""Alineamiento ejecutivo"",""Dinámica de equipo"",""Diagnostico""]",Daniel Viotti,Construction Manager SGO,16/8/2018,3/9/2018,"Desarrollar un taller de alineamiento para los dos turnos de construcción en terreno, en conjunto con los managers involucrados. El taller pretendía alinear a los turnos respecto a cómo realizar tareas y coordinarse entre ellos.",/sites/Proyectos-TheHouse/Documentos compartidos/BHP/BHP07 - Taller Construcción,Josue Meneses,10/8/2024 11:41 AM,7/23/2026 6:48 AM,,Alejandra Loyola Schmidt,
BHP08,Análisis de tendencias Corporate Affairs 2030,BHP,Minería,Estrategia,"[""Nicolás Díaz"",""Olivia Sanchez"",""José Miguel Sepúlveda""]","[""Benchmark"",""Asuntos corporativos"",""Socio estratégico"",""Planificación estratégica"",""Mejores practicas"",""Diagnostico"",""Definiciones estratégicas""]",Cecilia Azar,"A&I Manager, External Affairs, Ops Americas",9/3/2018,24/10/2018,"Estudiar y entender los riesgos, oportunidades y tendencias emergentes relacionados a la minería del cobre en Chile, Perú, Ecuador y una mirada global, en el corto y mediano plazo. Además, identificar mejores prácticas en Corporate Affairs",/sites/Proyectos-TheHouse/Documentos compartidos/BHP/BHP08 - Análisis CA2030,Josue Meneses,10/8/2024 11:41 AM,7/23/2026 6:49 AM,,Jose Miguel Sepúlveda Donoso,
BHP10,Taller WP02,BHP,Minería,Desarrollo de equipo ejecutivo,"[""Alfonso Undurraga"",""Alejandra Loyola"",""Alejandra Soto"",""Pablo González"",""Loredanna Celleri"",""Juan Diego Covarrubias""]","[""Integración"",""Alineamiento ejecutivo""]",Jean Piere Fouere,Area Manager SGO,17/9/2018,6/12/2019,"Taller de alineamiento ejecutivo, con el objetivo de comprometer plazos y recursos para el cumplimiento del roadmap. El proyecto inicio en sep. 2018 con contraparte V. Lucia, siendo cancelado hasta abril del 2019 y con nueva contraparte Jean Piere Fouere",/sites/Proyectos-TheHouse/Documentos compartidos/BHP/BHP10 - Taller WP02,Josue Meneses,10/8/2024 11:41 AM,8/20/2026 7:16 AM,,Alfonso Undurraga Bordeu,Florencia Santa Cruz
BHP11,Taller Project Services 2,BHP,Minería,Gestión del cambio,"[""Juan Diego Covarrubias"",""Alfonso Undurraga"",""Alejandra Soto"",""Alejandra Loyola""]","[""Eneagrama""]",Alejandra Escobar,G. Project Services,12/1/2018,27/12/2018,El objetivo fue realizar una sesión para fortalecer el liderazgo y empoderamiento del equipo de Project Services,/sites/Proyectos-TheHouse/Documentos compartidos/BHP/BHP11 - Taller Project Services 2,Josue Meneses,10/8/2024 11:41 AM,7/23/2026 6:51 AM,Alfonso Undurraga Bordeu,Alfonso Undurraga Bordeu,
BHP12,Roles y Empoderamiento del equipo Project Services,BHP,Minería,Desarrollo de equipo ejecutivo,"[""Tomás Tapia"",""Alejandra Loyola"",""Soledad Libedinsky"",""Isidora Navarro""]","[""Coaching"",""Desarrollo ejecutivo"",""Descriptor de cargo"",""Dinámica de equipo""]",Alejandro Escobar,Project Services Manager,12/8/2019,18/10/2019,Definición de los roles de Project Services y sesiones de coacing  individual y grupal par empoderar al equipo,/sites/Proyectos-TheHouse/Documentos compartidos/BHP/BHP12 - Roles y empoderamiento del equipo Project Services,Josue Meneses,10/8/2024 11:41 AM,7/23/2026 6:53 AM,,Alejandra Loyola Schmidt,
BHP13,Continuidad SGO,BHP,Minería,Sistema organizacional,"[""Alejandra Loyola"",""Alejandra Soto"",""Soledad Libedinsky"",""Isidora Navarro""]","[""Alineamiento ejecutivo"",""Comités"",""Diagnostico"",""Dinámica de equipo"",""Integración"",""Mapeo de stakeholders"",""Plan de comunicación""]",Mariela Ibacache,Principal Support SGO,11/9/2019,17/10/2019,"Taller para potenciar la integración entre la operación de Spence y el proyecto SGO, de cara a la puesta en marcha de la expansión de Spence a mediados 2020",/sites/Proyectos-TheHouse/Documentos compartidos/BHP/BHP13 - Continuidad SGO,Josue Meneses,10/8/2024 11:42 AM,8/20/2026 7:16 AM,,Alejandra Loyola Schmidt,Florencia Santa Cruz
CAP01,Eficiencia operacional y revisión del modelo de negocios,Capel,Consumo masivo,Eficiencia operacional,"[""Alejandra Loyola"",""José Miguel Sepúlveda"",""Loredanna Celleri"",""Enrique Bravo"",""Pablo González"",""Olivia Sanchez"",""Pablo Cruz"",""Vicente Loyola""]","[""Adyacencias"",""Propósito"",""Derco"",""Diagnostico"",""Alineamiento ejecutivo"",""Coaching"",""Definiciones estratégicas"",""Desarrollo ejecutivo"",""Eficiencia"",""Negocio base"",""Optimización de procesos"",""Plan de implementación"",""Posicionamiento estratégico""]",Claudio Barraza,Gerente General,12/3/2018,19/4/2019,Revisión del modelo de negocio. Definiciones estratégicas de propósito y prioridades estrategicas. Análisis de oportunidades de eficiencia y posterior definición de iniciativas con un respectivo roadmap de implementación,/sites/Proyectos-TheHouse/Documentos compartidos/Capel/CAP01 - Eficiencia operacional y modelo de negocios,Josue Meneses,10/8/2024 11:42 AM,7/23/2026 7:38 AM,,Jose Miguel Sepúlveda Donoso,
CEN01,Instalación Modelo Operativo en Centinela,Antofagasta Minerals,Minería,Gestión del cambio,"[""Nicolás Díaz"",""Pablo González"",""Juan Ignacio Castro"",""José Miguel Sepúlveda"",""Daniel Coelho"",""Alfonso Undurraga""]","[""Capacitación"",""Ciclo de gobierno"",""Cultura organizacional"",""Comités"",""Diagnostico"",""Estructura"",""Levantamiento de agenda"",""KPIs"",""Mapeo de stakeholders"",""Modelo operativo"",""Plan de gestión del cambio"",""Quick wins"",""Seguimiento""]",José Luis Flores Coopman,PMO Minera Centinela,23/4/2018,22/6/2018,"Implementación de un plan de gestión del cambio para habilitar la instalación del nuevo Modelo Operativo de la minera Centinela, a través de sus cuatro pilares: foros, KPIs, Capacidades y roles, y transformación cultural",/sites/Proyectos-TheHouse/Documentos compartidos/Antofagasta Minerals/CEN01 - Instalación MO,Josue Meneses,10/8/2024 11:42 AM,7/22/2026 2:04 PM,,,Florencia Santa Cruz
CENCO01,Estructura y gobernanza para Gerencia Corporativa de RRHH Chile,Cencosud,Retail,Sistema organizacional,"[""José Miguel Sepúlveda"",""Alejandra Loyola"",""Pablo González"",""Nicolás Díaz"",""Juan Ignacio Castro"",""Catalina Iacobelli""]","[""Alineamiento ejecutivo"",""Estructura"",""Modelo de talento"",""Benchmark"",""Derco"",""Definiciones estratégicas"",""Descriptor de cargo"",""Mapeo de procesos"",""Plan de comunicación""]",Eulogio Guzmán,Gerente Corporativo RRHH,20/4/2021,26/5/2021,Diseñar una estructura organizacional para la Gerencia de RRHH de Cencosud Chile que se alinee a la estrategia del negocio y sea un factor de cambio para el negocio,/sites/Proyectos-TheHouse/Documentos compartidos/Cencosud/CENCO01 - Estructura y gobierno RRHH CENCO CL,Josue Meneses,10/8/2024 11:42 AM,8/9/2026 3:39 PM,,Jose Miguel Sepúlveda Donoso,Joaquín López
CENCO02,Diseño a detalle de estructura de áreas especialistas de la Gerencia de Personas Cencosud Chile,Cencosud,Retail,Sistema organizacional,"[""Catalina Iacobelli"",""Alejandra Loyola"",""Mariana Hernández"",""Vicente Olavarría""]","[""Alineamiento ejecutivo"",""Benchmark"",""Dinámica de equipo"",""Asuntos corporativos"",""Mapeo de procesos"",""Cultura organizacional"",""Desarrollo de carrera"",""Descriptor de cargo"",""Equipos de alto desempeño"",""Estructura"",""Integración"",""Modelo corporativo"",""Poblamiento de la estructura""]",Carolina Weldt,Gerente Talento y Cultura,9/9/2021,1/10/2021,"Se diseño a detalle la estructura de áreas especialistas de la Gerencia de Personas Cencosud Chile, trabajando con cada área y diseñando dos alternativas de estructura, una de corto plazo y una de largo plazo.",/sites/Proyectos-TheHouse/Documentos compartidos/Cencosud/CENCO02 - Diseño a detalle de estructuras especialistas,Josue Meneses,10/8/2024 11:42 AM,7/23/2026 7:49 AM,,Mariana  Hernandez Eyquem,
CMPC01,,,Recursos naturales,Mixto,,,,,,,,/sites/Proyectos-TheHouse/Documentos compartidos/CMPC/CMPC01 - Habilitando la Nueva Organización de Bosques,Josue Meneses,10/8/2024 11:42 AM,5/7/2026 6:19 AM,,,
CMPC02,Modelo operativo Security,CMPC,Recursos naturales,Eficiencia operacional,"[""Andrés Justiniano"",""Alejandra Loyola"",""Joaquín Moncada"",""Gastón Iver"",""Christian Uauy"",""Juan Pablo Vega""]","[""Alineamiento ejecutivo"",""Equipos de alto desempeño"",""Caso de negocio"",""Comités"",""Definiciones estratégicas"",""Descriptor de cargo"",""Plan de comunicación"",""Plan de implementación"",""Eficiencia"",""Estructura"",""KPIs"",""Liderazgo"",""Mapeo de procesos"",""Mejores practicas"",""Modelo operativo""]",Rafael Cox,Fiscal CMPC,10/18/2022,1/4/2022,"Se diseñó el modelo operativo para la Gerencia de Seguridad de CMPC, una gerencia recientemente creada que tiene por objetivo responder a los problemas de seguridad que Chile atraviesa y que impactan fuertemente en las operaciones de la compañía",/sites/Proyectos-TheHouse/Documentos compartidos/CMPC/CMPC02 - Modelo operativo security,Josue Meneses,10/8/2024 11:42 AM,8/9/2026 7:02 PM,,Juan Pablo Vega,Andres Justiniano
COL06,Estrategia Digital,Collahuasi,Minería,Estrategia,"[""Alejandra Soto"",""José Miguel Sepúlveda"",""Vicente Loyola"",""Nicolás Díaz"",""Olivia Sanchez""]","[""Focos estratégicos"",""Iniciativas estratégicas"",""Definiciones estratégicas"",""Modelo operativo"",""Planificación estratégica"",""Posicionamiento estratégico"",""Productividad"",""Socio estratégico""]",Leonardo Biaggini,Gerente de Riesgo y Control de Gestión,25/10/2018,15/11/2018,"Diseño de un taller estratégico para fines del 2018 de Collahuasi, con foco en la preparación para el crecimiento. Se diseñó un taller estructurado en: aprendizajes, desafíos y el ciclo de gestión del riesgo",/sites/Proyectos-TheHouse/Documentos compartidos/Collahuasi/COL06 - Estrategia digital,Josue Meneses,10/8/2024 11:42 AM,7/23/2026 3:41 PM,,Jose Miguel Sepúlveda Donoso,Sofía Figueroa
COL07,Definiciones estratégicas y estilo de liderazgo,Collahuasi,Minería,Estrategia,"[""Alejandra Soto"",""Alejandra Loyola"",""José Miguel Sepúlveda"",""Vicente Loyola"",""Benjamin Scarneo""]","[""Alineamiento ejecutivo"",""Definiciones estratégicas"",""Focos estratégicos""]",Jorge Gómez,Presidencia Ejecutiva,17/12/2018,14/1/2019,"Taller ejecutivo donde se revisaron los logros del 2018, se realizó una dinámica para interiorizar los desafíos del 2019 (focos estratégicos) y se presentaron los lineamientos para la transformación digital",/sites/Proyectos-TheHouse/Documentos compartidos/Collahuasi/COL07 - Definiciones estratégicas y estilo de liderazgo,Josue Meneses,10/8/2024 11:42 AM,7/23/2026 7:08 AM,,Jose Miguel Sepúlveda Donoso,
CPL01,Planificación estratégica,Cosmoplas,Retail,Estrategia,"[""Mariana Hernández"",""Pablo Guarda"",""Alejandra Loyola"",""Lisette Lee"",""Juan Diego Covarrubias"",""Pablo González"",""José Miguel Sepúlveda""]","[""Adyacencias"",""Caso de negocio"",""Comités"",""Alineamiento ejecutivo"",""Cultura organizacional"",""Derco"",""Iniciativas estratégicas"",""Negocio base"",""Benchmark"",""Diagnostico"",""Focos estratégicos"",""Definiciones estratégicas"",""Plan de implementación"",""Plan de negocio"",""Planificación estratégica"",""Seguimiento"",""Dinámica de equipo"",""Propósito"",""Posicionamiento estratégico"",""Roadmap""]",Claudio Venegas,Gerente de Supply Chain y Desarrollo,3/2/2020,6/2/2020,"A partir de un profundo análisis de mercado de los segmentos en los que participa Cosmoplas se definió el plan estratégico 2020 - 2025 para la organización, detallando la estrategia para 2020 - 2021, identificando propósito, visión, focos estratégicos, in",/sites/Proyectos-TheHouse/Documentos compartidos/Cosmoplas/CPL01 - Planificación estratégica Cosmoplas,Josue Meneses,10/8/2024 11:42 AM,7/23/2026 7:47 AM,,Mariana  Hernandez Eyquem,
CSC02,Transformando la gestión de locatarios,CENCOSUD SHOPPING,Inmobiliaria,Eficiencia operacional,"[""Magdalena Gálvez"",""Loredanna Celleri"",""José Miguel Sepúlveda"",""Josefina Guridi"",""Christian Uauy"",""Cristóbal Bär"",""Martín Muñoz""]","[""Agentes de cambio"",""Derco"",""Diagnostico"",""Dinámica de equipo"",""Equipos de alto desempeño"",""KPIs"",""Modelo operativo"",""Cultura organizacional"",""Implementación de sistemas"",""Eficiencia"",""Mapeo de procesos"",""Plan de comunicación"",""Plan de gestión del cambio"",""Plan de implementación"",""Mejores practicas"",""Optimización de procesos"",""Seguimiento""]",Rodrigo Larraín,Gerente General Cencosud Shopping,24/5/2022,25/11/2022,"El objetivo principal del proyecto fue transformar el proceso Order-to-Cash en base a un rediseño y simplificación de etapas. Para lograr este objetivo, el plan de trabajo consideró una primera etapa de levantamiento de información, donde se identificaron",/sites/Proyectos-TheHouse/Documentos compartidos/Cencosud Shopping/CSC02 - Transformando la gestión de locatarios,Josue Meneses,10/8/2024 11:42 AM,7/23/2026 9:54 AM,,Magdalena Galvez,
CSC03,Modelo de Gestión Comercial 2.0,Cencosud Shopping,Inmobiliaria,Mixto,"[""Joaquín Moncada"",""Daniel Pérez"",""Tomás Oyarzún"",""Loredanna Celleri"",""José Miguel Sepúlveda"",""Roberto Ragazzone""]","[""Derco"",""Benchmark"",""KPIs"",""Descriptor de cargo"",""Estructura"",""Incentivos"",""Levantamiento de agenda"",""Mapeo de procesos"",""Plan de implementación""]",Sebastián Bellocchio,Gerente Comercial Regional,26/12/2022,3/7/2023,"Ajuste de principales procesos de gestión de locatarios, sus KPI, rutinas, y estructura y capacidades de la Gerencia. Planificación de renovaciones 2023-2024 y generación de herramientas para abordar negociaciones en base a data y capturar mayor valor",/sites/Proyectos-TheHouse/Documentos compartidos/Cencosud Shopping/CSC03 - Gerencia Comercial 2.0,Josue Meneses,10/8/2024 11:42 AM,7/23/2026 9:52 AM,,Jose Miguel Sepúlveda Donoso,Florencia Santa Cruz
DET 01,Trasformación de proceso administrativos,Codelco,Minería,Eficiencia operacional,"[""Francisco Hamilton"",""Vicente Loyola"",""Juan Ignacio Castro"",""Juan Diego Covarrubias"",""Pablo Cruz"",""José Miguel Sepúlveda"",""Javier Uribe""]","[""Alineamiento ejecutivo"",""Diagnostico"",""Plan de implementación"",""Descriptor de cargo"",""Eficiencia"",""Mapeo de procesos"",""Dinámica de equipo"",""Levantamiento de agenda"",""Optimización de procesos"",""Productividad"",""Socio estratégico""]",Rodrigo Herrera,G. Administración,2/1/2018,30/10/2018,Generar reducciones en los contratos actuales e identificar potenciales de mejora en procesos de abastecimiento,/:f:/s/Proyectos-TheHouse/IgD9vVRAkFgKQIczfne6hHFEAbFPv3U3czalvRLtrQhjxH4?e=woXCeU,María Fé Solís,10/8/2024 11:42 AM,6/12/2026 8:46 AM,,,
EAS02,Instalación Modelo Operativo en Tiendas Easy,Easy,Retail,Eficiencia operacional,"[""Alejandra Loyola"",""Pablo González"",""Pablo Cruz"",""Isidora Navarro"",""José Miguel Sepúlveda"",""Nicolás Díaz"",""Juan Pablo Arriagada""]","[""Benchmark"",""Cultura organizacional"",""Capacitación"",""Caso de negocio"",""Comités"",""Definiciones estratégicas"",""Desarrollo ejecutivo"",""Descriptor de cargo"",""Diagnostico"",""Eficiencia"",""Estructura"",""Desvinculación"",""Liderazgo"",""Mapeo de procesos"",""Onboarding"",""Plan de comunicación"",""Plan de implementación"",""Reclutamiento"",""Optimización de procesos"",""Plan de gestión del cambio"",""Modelo operativo"",""Poblamiento de la estructura"",""Seguimiento"",""Roadmap""]",Felipe Longo,Gerente General,11/4/2019,4/8/2020,"Luego del proyecto EAS01 en que se identificaron oportunidades en la gestión de las tiendas, EAS02 se enfocó en llevar esas oportunidades a un nuevo modelo de gestión para la operación de las tiendas. Se diseñó una nueva forma de funcionar que involucró c",/sites/Proyectos-TheHouse/Documentos compartidos/Easy/EAS02 - Instalación modelo operativo,Josue Meneses,10/8/2024 11:42 AM,7/23/2026 7:42 AM,,Jose Miguel Sepúlveda Donoso,
EAS04,Estructura organizacional venta empresas,Easy,Retail,Sistema organizacional,"[""Josefina Correa"",""Juan Pablo Arriagada"",""Catalina Iacobelli"",""Isidora Navarro"",""Pablo Guarda"",""José Miguel Sepúlveda"",""Pablo González"",""Alejandra Loyola""]","[""Estructura"",""Diagnostico"",""Incentivos"",""Mapeo de procesos""]",Felipe Longo,Gerente General,3/1/2021,19/3/2021,"Definir una estructura de alto nivel para venta empresas (VE) de Easy. Además, se propusieron cambios al área comercial: se delimitaron funciones de los distintos cargos y se realizó una propuesta de ajuste de incentivos",/sites/Proyectos-TheHouse/Documentos compartidos/Easy/EAS04 - Estructura organizacional Venta Empresas,Josue Meneses,10/8/2024 11:42 AM,7/23/2026 7:45 AM,,Jose Miguel Sepúlveda Donoso,
EMP01,Plan de negocios para le generación de ingresos propios,Fundación Emplea,Non-profit,Estrategia,"[""Pablo González"",""Olivia Sanchez"",""Lisette Lee"",""Alejandra Loyola""]","[""Benchmark"",""Diagnostico"",""Plan de implementación"",""Plan de negocio""]",Ricardo Délano,Director Ejecutivo,12/2/2019,17/1/2020,El proyecto tenía por objetivo desarrollar un plan de negocios que permitiera a Emplea generar ingresos propios para depender menos de los fondos del estado (provenientes principalmente de Sence). El plan de negocios contemplaba la definición de las 4 P's,/sites/Proyectos-TheHouse/Documentos compartidos/Fundación Emplea/EMP01 - Plan de negocios Fundación Emplea,Josue Meneses,10/8/2024 11:42 AM,7/23/2026 5:18 PM,,Alejandra Loyola Schmidt,
ESS02,Definiciones para la organización 2023,Esval & Essbio,Servicios básicos,Sistema organizacional,"[""Vicente Loyola"",""Alejandra Soto"",""Olivia Sanchez"",""Juan Pablo Arriagada"",""Alejandra Loyola"",""José Miguel Sepúlveda"",""Pablo Cruz"",""Isidora Navarro"",""Enrique Bravo""]","[""Descriptor de cargo"",""Eficiencia"",""Estructura"",""Optimización de procesos"",""Poblamiento de la estructura"",""Mapeo de procesos""]",Gian Piero Lavezzo,Gerente Gestión de Personas,28/3/2019,20/5/2019,"Se realizó un análisis de ""áreas grises"" en torno a la estructura organizacional. Para esto se desarrolló un mapeo de procesos, una revisión de la estructura organizacional y un assessment ejecutivo para proponer una nueva estructura organizacional",/sites/Proyectos-TheHouse/Documentos compartidos/Esval & Essbio/ESS02 - Def. para la org. del 2023,Josue Meneses,10/8/2024 11:42 AM,7/23/2026 5:13 PM,,Jose Miguel Sepúlveda Donoso,
Ess03,Focos estratégicos,Esval & Essbio,Servicios básicos,Estrategia,"[""Vicente Loyola"",""Pablo Cruz"",""Enrique Bravo"",""Isidora Navarro"",""José Miguel Sepúlveda""]","[""Iniciativas estratégicas"",""Dinámica de equipo"",""Focos estratégicos"",""Planificación estratégica"",""Prioridades estratégicas"",""Propósito"",""Roadmap""]",Cristián Vergara,Gerente General,6/5/2019,31/5/2019,"Taller de planificación estratégica en el que se definía un propósito, prioridades, focos e iniciativas",/:f:/s/Proyectos-TheHouse/EvkLG7BfbptEgoE-RnQgrFQBaOaimZwKszMHvQUkZ5OG6A?e=8X63yE,Aldemar  Pinzón,10/8/2024 11:42 AM,2/17/2025 10:16 AM,,,
ESS04,Revisión y ajustes al plan estratégico,Esval & Essbio,Servicios básicos,Estrategia,"[""Benjamín Díaz"",""Gastón Iver"",""José Miguel Sepúlveda""]","[""Focos estratégicos"",""Cultura organizacional"",""Definiciones estratégicas"",""Alineamiento ejecutivo"",""Diagnostico"",""Iniciativas estratégicas"",""KPIs"",""Plan de comunicación"",""Planificación estratégica"",""Prioridades estratégicas"",""Propósito""]",Cristian Vergara,Gerente General,5/3/2022,24/6/2022,Se ajustó el plan estratégico de ESSBIO y Nuevosur según los nuevos retos y desafíos que enfrenta el sector sanitario en Chile. Se incorporó una visión de sostenibilidad de largo plazo,/sites/Proyectos-TheHouse/Documentos compartidos/Esval & Essbio/ESS04 - Revisión y ajustes al plan estratégico,Josue Meneses,10/8/2024 11:42 AM,7/23/2026 5:14 PM,,Jose Miguel Sepúlveda Donoso,
ESV03,Revisión y ajustes al plan estratégico,Esval & Essbio,Servicios básicos,Estrategia,"[""José Miguel Sepúlveda"",""Alejandra Loyola"",""Mariana Hernández"",""Bernardita Cisternas"",""Vicente Olavarría""]","[""Diagnostico"",""Alineamiento ejecutivo"",""Definiciones estratégicas"",""Focos estratégicos"",""Iniciativas estratégicas"",""KPIs"",""Plan de comunicación"",""Planificación estratégica"",""Prioridades estratégicas"",""Propósito""]",José Luis Murillo,Gerente General,11/2/2021,1/18/2021,Se ajustó el plan estratégico de ESVAL y Aguas del Valle según los nuevos retos y desafíos que enfrenta el sector sanitario en Chile. Se incorporó una visión de sostenibilidad de largo plazo,/:f:/s/Proyectos-TheHouse/EqHrgbYOZsBBowrq-oIG8oMB2hkGtnDwItmhELFrPQUY-g?e=YHIeRr,Aldemar  Pinzón,10/8/2024 11:42 AM,2/17/2025 10:17 AM,,,
FAL01,Planificación estratégica e Integración de Perú,Falabella inmobiliario,Inmobiliaria,Estrategia,"[""Mariana Hernández"",""Ignacio Villar"",""Juan Ignacio Castro"",""Alejandra Loyola"",""José Miguel Sepúlveda"",""Victor Alastuey"",""Francisco Hamilton"",""Tomás Tapia""]","[""Benchmark"",""Caso de negocio"",""Plan de implementación"",""Propósito"",""RACI"",""Definiciones estratégicas"",""Diagnostico"",""Estructura"",""Comités"",""Derco"",""Ciclo de gobierno"",""Descriptor de cargo"",""Focos estratégicos"",""Integración"",""Modelo de gobierno"",""Plan de comunicación"",""Planificación estratégica"",""Prioridades estratégicas""]",Ricardo Hepp,General General,22/10/2018,4/12/2019,"El proyecto consistía en apoyar a Falabella Inmobiliario en su Planificación Estratégica para el período 2019 - 2023, junto con desarrollar un plan de integración del negocio inmobiliario del Grupo en Perú a Falabella Inmobiliario.",/sites/Proyectos-TheHouse/Documentos compartidos/Falabella inmobiliario/FAL01 - Planificación Estratégica,Josue Meneses,10/8/2024 11:42 AM,7/23/2026 5:15 PM,,Mariana  Hernandez Eyquem,
FCM01,Construyendo un modelo de negocio sostenible,Fundación Conecta Mayor,Non-profit,Mixto,"[""Magdalena Gálvez"",""Cristina Montes"",""Pablo Murillo"",""Ángela Garafulic""]","[""Alineamiento ejecutivo"",""Plan de negocio"",""Definiciones estratégicas"",""Plan de comunicación"",""Prioridades estratégicas"",""Roadmap""]",Eduardo Toro,Director Ejecutivo,13/2/2023,3/10/2023,"Se trabajó en el diseño de un modelo de negocio para la Aplicación Mayor que sea eficiente y sostenible en el tiempo que permita su mejora, rentabilidad y escalabilidad, cuyo objetivo es facilitar y simplificar el uso del smartphone en adultos mayores",/sites/Proyectos-TheHouse/Documentos compartidos/Fundación Conecta Mayor/FCM01 - Construyendo un modelo de negocio sostenible,Josue Meneses,10/8/2024 11:42 AM,7/27/2026 11:49 AM,,Magdalena Galvez,Martín Rosenfeld
FUN01,Apoyo Organizacional a la Fundación,Fundación de las Familias,Non-profit,Sistema organizacional,"[""Alejandra Loyola"",""Benjamin Scarneo"",""Alejandra Soto"",""Mariana Hernández""]","[""Desarrollo de carrera"",""Descriptor de cargo"",""Encuesta de clima"",""Estructura"",""Evaluación de desempeño""]",Constanza Irarrázabal,Encargada departamento de RRHH y bienestar,26/2/2019,5/6/2019,"Proyecto desarrollado en conjunto con Simón de Cirene para revisar las definiciones básicas, los procesos y la gestión de RRHH",/sites/Proyectos-TheHouse/Documentos compartidos/Fundación de las Familias/FUN01 - Gestión RRHH,Josue Meneses,10/8/2024 11:42 AM,7/23/2026 5:16 PM,,Mariana  Hernandez Eyquem,
GAS01,Potenciar el sistema de gobierno corporativo,Empresas Gasco,Energía,Sistema organizacional,"[""Cristián Hargous"",""Nicolás Díaz"",""José Miguel Sepúlveda"",""Claudia Magnet"",""Natalia Cortázar"",""Josefina Correa"",""Alejandra Loyola""]","[""Adyacencias"",""Benchmark"",""Ciclo de gobierno"",""Comités"",""Alineamiento ejecutivo"",""Diagnostico"",""Estructura"",""Mejores practicas"",""Modelo de gobierno"",""Poblamiento de la estructura"",""Compensaciones"",""Definiciones estratégicas"",""Descriptor de cargo"",""Directorio"",""Modelo corporativo"",""Negocio base"",""RACI""]",Ricardo Cruzat,Vicepresidente Directorio,2/1/2017,5/1/2017,"El proyecto se enfocó en reestructurar el sistema organizacional total de Empresas Gasco, desde el Directorio al equipo ejecutivo corporativo. Se abordó modelo de holding, estructura, funciones, decisiones e instancias de toma de decisión, entre otros. El",/sites/Proyectos-TheHouse/Documentos compartidos/Empresas Gasco/GAS01 - Potenciar Gobierno Corporativo,Josue Meneses,10/8/2024 11:42 AM,7/23/2026 7:13 AM,,Jose Miguel Sepúlveda Donoso,
GCA01,Planificación estratégica Grupo CAP,Grupo CAP,Minería,Estrategia,"[""Josefina Correa"",""Juan Pablo Arriagada"",""Loredanna Celleri"",""Alejandra Loyola"",""José Miguel Sepúlveda"",""Nicolás Díaz"",""Mariana Hernández""]","[""Roadmap"",""Alineamiento ejecutivo"",""Iniciativas estratégicas"",""Prioridades estratégicas"",""Definiciones estratégicas"",""Diagnostico"",""Focos estratégicos"",""Negocio base"",""Plan de implementación"",""Planificación estratégica"",""Propósito""]",Julio Bertrand,Gerente General Corporativo,28/7/2020,23/9/2020,"Desarrollo de las principales definiciones estratégicas para el Grupo CAP al 2030, a partir de cuatro sesiones estratégicas con el Directorio y desarrollo de la estratégica (focos estratégicos) con el equipo ejecutivo",/sites/Proyectos-TheHouse/Documentos compartidos/Grupo CAP/GCA01 - Planificación estrategica Grupo CAP,Josue Meneses,10/8/2024 11:42 AM,7/23/2026 5:24 PM,,Mariana  Hernandez Eyquem,
GCA02,Desarrollo estrategia corporativa,Grupo CAP,Minería,Estrategia,"[""José Miguel Sepúlveda"",""Pablo González"",""Bernardita Cisternas"",""Alejandra Loyola"",""Honorino Landa"",""Mariana Hernández"",""Josefina Correa"",""Loredanna Celleri""]","[""Adyacencias"",""Definiciones estratégicas"",""Iniciativas estratégicas"",""Roadmap"",""Seguimiento"",""Focos estratégicos"",""KPIs"",""Plan de comunicación"",""Plan de implementación"",""Planificación estratégica"",""Posicionamiento estratégico"",""Quick wins"",""Prioridades estratégicas"",""Propósito""]",Julio Bertrand,Gerente General Grupo CAP,29/9/2020,31/12/2020,"El objetivo del proyecto era detallar el plan de implementación de la estrategia del Grupo CAP definida en el proyecto GCA01, en trabajo conjunto con el equipo ejecutivo de CAP y considerando la participación de Subgerentes de distintas áreas",/sites/Proyectos-TheHouse/Documentos compartidos/Grupo CAP/GCA02 - Desarrollo estrategia cor._,Josue Meneses,10/8/2024 11:42 AM,7/23/2026 5:25 PM,,Mariana  Hernandez Eyquem,
GEI03,Revisión y ajustes a la estrategia,Grupo Echeverría Izquierdo,Inmobiliaria,Estrategia,"[""Honorino Landa"",""Bernardita Cisternas"",""Martín Muñoz"",""Alfonso Undurraga"",""Francisco Hamilton"",""Magdalena Gálvez""]","[""Adyacencias"",""Alineamiento ejecutivo"",""Benchmark"",""Comités"",""Definiciones estratégicas"",""Equipos de alto desempeño"",""Iniciativas estratégicas"",""Liderazgo"",""Eficiencia"",""Focos estratégicos"",""Dinámica de equipo"",""Mejores practicas"",""Modelo corporativo"",""Negocio base"",""Planificación estratégica"",""Posicionamiento estratégico"",""Plan de implementación"",""Seguimiento""]",Pablo Ivelic,Gerente General,20/12/2021,31/1/2022,Revisión a la estrategia generada para los dos grandes negocio base del grupo: Construcción y servicios a la minería y Soluciones Habitacionales para segmentos medios,/sites/Proyectos-TheHouse/Documentos compartidos/Grupo Echeverría Izquierdo/GEI03 - Revisión y ajustes a la estrategia,Josue Meneses,10/8/2024 11:42 AM,7/23/2026 5:22 PM,Alfonso Undurraga Bordeu,Magdalena Galvez,
MAP01,Plan de sostenibilidad Museo Chileno de Arte Precolombino,Proyectos probono,Non-profit,Estrategia,"[""Tomás Ovalle"",""Daniel Pérez"",""José Miguel Sepúlveda"",""Nicolás Díaz"",""Gastón Iver"",""Roberto Ragazzone""]","[""Propósito"",""Quick wins"",""Definiciones estratégicas"",""Diagnostico"",""Posicionamiento estratégico"",""Socio estratégico"",""Alineamiento ejecutivo"",""Benchmark"",""Estructura"",""Focos estratégicos"",""Mapeo de stakeholders"",""Roadmap""]",Cecilia Puga,Directora del Museo,28/6/2022,15/9/2022,"En el marco de una crisis financiera del Museo Chileno de Arte Precolombino, se definió un plan que asegure la sostenibilidad del Museo y su contribución cultural a la sociedad para los próximos años",/sites/Proyectos-TheHouse/Documentos compartidos/Museo Chileno de Arte Precolombino/MAP01 - Museo de Arte Precolombino,Josue Meneses,10/8/2024 11:42 AM,7/30/2026 2:43 PM,Alfonso Undurraga Bordeu,Jose Miguel Sepúlveda Donoso,
MLP02,Análisis de valor jornada excepcional,Antofagasta Minerals,Minería,Sistema organizacional,"[""José Miguel Sepúlveda"",""Francisco Hamilton"",""Juan Pablo Arriagada"",""Ignacio Villar""]","[""Productividad"",""Incentivos"",""Convenios colectivos"",""Caso de negocio""]",Renzo Stagno,Gerente Legal,7/5/2019,20/5/2019,TheHouse apoyó a Minera Los Pelambres en el análisis del impacto en valor que la jornada excepcional implementada genera para el negocio.,/:f:/s/Proyectos-TheHouse/EkLpLLkGEQFHrIdQ7AbNgZ0BAy9U0h3qBZ3y5pOvnwPGvA?e=enuVTm,Aldemar  Pinzón,10/8/2024 11:42 AM,2/17/2025 10:31 AM,,,
PAR02,Transformación Lean de limpieza y mantenimiento,Parque Arauco,Centros Comerciales,Eficiencia operacional,"[""Isidora Navarro"",""Francisco Guzman"",""Olivia Sanchez"",""Francisco Hamilton"",""José Miguel Sepúlveda"",""Loredanna Celleri""]","[""Eficiencia"",""LEAN"",""KPIs"",""Mapeo de procesos"",""Plan de implementación"",""Modelo operativo"",""Optimización de procesos"",""Productividad""]",Jorge Parraguez,Subgerente operaciones PASA internacional,2/3/2020,17/6/2020,"Implementación de la metodología Lean para los servicios de mantenimiento de los centros comerciales de Perú y Colombia, buscando generar eficiencias en costos y una herramienta que permitiese el cálculo de la dotación necesaria por centro y piloto",/sites/Proyectos-TheHouse/Documentos compartidos/Parque Arauco/PAR02 - Transformación Lean de Limpieza y Mantenimiento,Josue Meneses,10/8/2024 11:42 AM,7/30/2026 2:23 PM,,Jose Miguel Sepúlveda Donoso,
PARIS02,Sesiones estratégicas,Paris,Retail,Estrategia,"[""Christian Uauy"",""José Miguel Sepúlveda"",""Alfonso Undurraga"",""Joaquín Moncada"",""Loredanna Celleri"",""Alejandra Loyola"",""Bernardita Cisternas""]","[""Alineamiento ejecutivo"",""Focos estratégicos"",""Prioridades estratégicas"",""Benchmark"",""Caso de negocio"",""Definiciones estratégicas"",""Iniciativas estratégicas"",""Planificación estratégica"",""Posicionamiento estratégico""]",Ricardo Bennett,Gerente General,30/8/2021,29/10/2021,"Proceso de planificación estratégica con el equipo ejecutivo de Paris basado en cuatro sesiones estratégicas, buscando definir principales desafíos, donde se busca establecer el liderazgo y focos estratégicos para el 2022",/sites/Proyectos-TheHouse/Documentos compartidos/Paris/PARIS02 - Sesiones estratégicas TxD,Josue Meneses,10/8/2024 11:42 AM,8/18/2026 5:31 PM,,Alfonso Undurraga Bordeu,Francisco Croquevielle
PARIS04,Instalación de la transformación en tiendas,Paris,Retail,Eficiencia operacional,"[""Joaquín Moncada"",""Nicolás Díaz"",""José Miguel Sepúlveda"",""María Ignacia Phillips"",""Magdalena Gálvez""]","[""Desarrollo de carrera"",""Cultura organizacional"",""Dinámica de equipo"",""KPIs"",""Roadmap"",""Eficiencia"",""Implementación de sistemas"",""Plan de comunicación"",""Seguimiento""]",Álvaro Figari,Gerente de Operaciones,12/1/2021,3/1/2022,"Durante los meses de verano, se realizó seguimiento a la implementación del ciclo III (16 tiendas), preparando la implementación del IV ciclo y avanzando en otros temas como el plan de carrera, plan de rentabilización en tienda y roadmap omnicanal.",/sites/Proyectos-TheHouse/Documentos compartidos/Paris/PARIS04 - Instalación transformación tiendas,Josue Meneses,10/8/2024 11:42 AM,7/30/2026 2:37 PM,,Magdalena Galvez,
PARIS06,Lanzamiento ciclo V,Paris,Retail,Eficiencia operacional,"[""Magdalena Gálvez"",""Alfonso Undurraga"",""José Miguel Sepúlveda"",""Loredanna Celleri"",""Cristóbal Bär""]","[""Modelo operativo"",""Plan de comunicación"",""Cultura organizacional"",""Derco"",""KPIs"",""Roadmap"",""Dinámica de equipo"",""Eficiencia"",""Focos estratégicos"",""Implementación de sistemas"",""Seguimiento""]",Álvaro Figari,Gerente de Operaciones,15/4/2022,1/6/2022,Continuación de la implementación del modelo de gestión en tiendas para las 25 tiendas restantes (ciclo V). El lanzamiento ampliado se realizó en las oficinas de TheHouse y posteriormente se realizaron lanzamientos presenciales en cada una de las tiendas.,/sites/Proyectos-TheHouse/Documentos compartidos/Paris/PARIS06 - Lanzamiento Ciclo V,Josue Meneses,10/8/2024 11:42 AM,7/30/2026 2:39 PM,,Magdalena Galvez,
PRI03,Habilitación del programa de eficiencia operacional Principal Chile,Principal Financial Group,Servicios financieros,Eficiencia operacional,"[""Cristián Hargous"",""Mariana Hernández"",""Victor Alastuey"",""Josefina Correa"",""Alejandra Loyola""]","[""Benchmark"",""Caso de negocio"",""Alineamiento ejecutivo"",""Eficiencia"",""Implementación de sistemas""]",Andrea Mellado,Subgerente de Eficiencia y Procesos Corporativos,11/1/2017,1/10/2018,"Construcción de un diagnóstico de eficiencia, diferenciado para su negocio de administración de fondos de pensión y administración general de fondos, revisión a detalle del programa corporativo de eficiencia. Se realizó una sesión de alineamiento ejcutivo",/sites/Proyectos-TheHouse/Documentos compartidos/Principal Financial Group/PRI03 - Eficiencia,Josue Meneses,10/8/2024 11:42 AM,7/30/2026 2:19 PM,Mariana  Hernandez Eyquem,Alejandra Loyola Schmidt,
PUC01,"Definición de estructura, roles y gobernanza",Escuela de Administración UC,Educación,Sistema organizacional,"[""Constanza Arjona"",""Alejandra Loyola"",""Vicente Loyola"",""Lisette Lee"",""Isidora Navarro""]","[""Comités"",""Benchmark"",""Descriptor de cargo"",""Ciclo de gobierno"",""Diagnostico"",""Plan de implementación"",""Incentivos"",""Dinámica de equipo"",""Estructura"",""Modelo de gobierno""]",José Tessada,Director Escuela de administración UC,10/6/2019,8/9/2019,"Apoyo en la definición de la estructura, roles y gobernanza. Realizando dos sesiones de trabajo",/sites/Proyectos-TheHouse/Documentos compartidos/Escuela de Administración UC/PUC01 - Estructura y roles esc. adm. uc,Josue Meneses,10/8/2024 11:42 AM,7/23/2026 7:40 AM,,Alejandra Loyola Schmidt,
RDA01,Potenciando la organización para habilitar el crecimiento,Red de Alimentos,Non-profit,Sistema organizacional,"[""Alejandra Loyola"",""Pablo González"",""Joaquín Moncada"",""Bernardita Cisternas"",""Loredanna Celleri""]","[""Diagnostico"",""Seguimiento"",""Alineamiento ejecutivo"",""Cultura organizacional"",""Descriptor de cargo"",""Estructura"",""Iniciativas estratégicas""]",Maria Eugenia Torres,Gerente General,17/6/2021,20/7/2021,"Proyecto non-profit para rediseñar la estructura y preparar al equipo ejecutivo para el crecimiento propuesto al año 2025, considerando comunicaciones y un taller al equipo ejecutivo",/sites/Proyectos-TheHouse/Documentos compartidos/Red de Alimentos/RDA01 - Estructura org,Josue Meneses,10/8/2024 11:42 AM,7/30/2026 2:32 PM,,Alejandra Loyola Schmidt,
SEN01,Planificación estratégica,Senadis,Non-profit,Estrategia,"[""Alejandra Loyola"",""José Miguel Sepúlveda"",""Juan Pablo Arriagada"",""Alfonso Undurraga""]","[""Iniciativas estratégicas"",""Definiciones estratégicas"",""Focos estratégicos"",""Plan de implementación"",""Prioridades estratégicas""]",Verónica Avendaño,Sub directora nacional,14/5/2018,5/7/2018,"Se apoyo en el proceso de definiciones estratégicas del Senadis a través de la definición de focos, prioridades e iniciativas estratégicas, entregando herramientas para realizar seguimiento a las actividades planificadas",/sites/Proyectos-TheHouse/Documentos compartidos/Senadis/SEN01 - Planificación Estratégica,Josue Meneses,10/8/2024 11:42 AM,7/30/2026 2:25 PM,,Alfonso Undurraga Bordeu,Martín Rosenfeld
SQM01,Potenciando la gestión de contratos,SQM,Minería,Eficiencia operacional,"[""José Miguel Sepúlveda"",""Francisco Hamilton"",""Alejandra Loyola"",""Isidora Navarro"",""Lisette Lee"",""Juan Ignacio Castro"",""Alfonso Undurraga""]","[""Automatización"",""Benchmark"",""Capacitación"",""Mapeo de procesos"",""Mejores practicas"",""Diagnostico"",""Eficiencia"",""Implementación de sistemas"",""KPIs"",""LEAN"",""Optimización de procesos"",""Plan de gestión del cambio"",""Plan de implementación"",""Modelo operativo"",""Productividad"",""Propósito"",""Socio estratégico""]",José Miguel Berguño,VP Nitratos Yodo,31/8/2020,15/12/2020,"Potenciar la gestión de contratos operacionales de Nitratos Yodo, optimizando sus procesos, incorporando sistemas y herramientas y capturando potenciales ahorros",/sites/Proyectos-TheHouse/Documentos compartidos/SQM/SQM01 - Pot. gestión de contratos,Josue Meneses,10/8/2024 11:42 AM,7/31/2026 7:55 AM,,Alfonso Undurraga Bordeu,Gerardo Boetsch
SQM02,Instalación del Modelo de Business Partners e implementación GEC2021,SQM,Minería,Eficiencia operacional,"[""Francisco Hamilton"",""Honorino Landa"",""Martín Muñoz"",""Alejandra Loyola""]","[""Agentes de cambio"",""Alineamiento ejecutivo"",""Cultura organizacional"",""Integración"",""Liderazgo"",""Diagnostico"",""Plan de implementación"",""Capacitación"",""Desarrollo ejecutivo"",""Dinámica de equipo"",""DISC"",""Eficiencia"",""Engagement"",""Modelo operativo"",""Mejores practicas"",""Plan de gestión del cambio"",""Socio estratégico""]",José Miguel Berguño,VP Nitratos Yodo,10/11/2021,11/12/2021,Apoyar en la instalación del Modelo de BPs y en la implementación del GEC2021 para otorgar un servicio que maximice el valor agregado al negocio,/sites/Proyectos-TheHouse/Documentos compartidos/SQM/SQM02 - Instalación del Modelo de BPs e implemetación GEC2021,Josue Meneses,10/8/2024 11:42 AM,7/30/2026 3:43 PM,,Alejandra Loyola Schmidt,
SQM04,Hoja de ruta para las áreas de asuntos externos,SQM,Minería,Estrategia,"[""Christian Uauy"",""Jorge Vásquez"",""Martín Muñoz"",""Pablo Murillo"",""Alejandra Loyola"",""José Miguel Sepúlveda""]","[""Alineamiento ejecutivo"",""Plan de implementación"",""Prioridades estratégicas"",""Cultura organizacional"",""Iniciativas estratégicas"",""KPIs"",""Benchmark"",""Definiciones estratégicas"",""Diagnostico"",""Focos estratégicos"",""Implementación de sistemas"",""Mapeo de stakeholders"",""Mejores practicas"",""Planificación estratégica"",""Propósito"",""Roadmap""]",José Miguel Berguño,VP Senior Servicios Corporativos,3/3/2022,1/6/2022,"SQM necesitaba ganarse la licencia social para operar. Para ello había estructurado bajo un mismo líder a las áreas de asuntos externos, requiriendo de una estrategia que les permitiese establecer objetivos comunes y trabajar de forma más colaborativa",/sites/Proyectos-TheHouse/Documentos compartidos/SQM/SQM04 - Hoja de ruta para las áreas de asuntos externos,Josue Meneses,10/8/2024 11:42 AM,7/30/2026 3:45 PM,Constanza Aguilera,Pablo Murillo,
TAC01,Planificación estratégica Fundación Tacal,TACAL,Non-profit,Estrategia,"[""Pablo González"",""Soledad Libedinsky"",""Alejandra Loyola"",""Juan Diego Covarrubias""]","[""Definiciones estratégicas"",""Directorio"",""Planificación estratégica"",""Prioridades estratégicas"",""Seguimiento"",""Diagnostico"",""Focos estratégicos"",""Iniciativas estratégicas"",""Plan de comunicación"",""Plan de implementación"",""Roadmap"",""Propósito""]",Andrea Zondek,Fundadora / Directora,28/5/2019,8/8/2019,"Proyecto tradicional de planificación estratégica que contó con las siguientes actividades: diagnóstico, taller 1: titular del diario y prioridades estratégicas, taller 2: focos estratégicos e iniciativas, taller 3: elaboración roadmap de implementación",/sites/Proyectos-TheHouse/Documentos compartidos/TACAL/TAC01 - Planificación estratégica,Josue Meneses,10/8/2024 11:42 AM,7/30/2026 2:26 PM,,Alejandra Loyola Schmidt,
TEC01,Acompañamiento en la gestión del cambio,Teck,Minería,Gestión del cambio,"[""Alejandra Soto"",""Olivia Sanchez"",""Francisco Hamilton"",""Alejandra Loyola"",""Juan Diego Covarrubias"",""Benjamin Scarneo""]","[""Implementación de sistemas"",""Liderazgo"",""Onboarding"",""Plan de comunicación"",""Plan de gestión del cambio"",""Coaching"",""Dinámica de equipo"",""Equipos de alto desempeño"",""Benchmark"",""Cultura organizacional"",""Integración"",""Plan de implementación"",""Capacitación"",""Modelo de gobierno"",""Reclutamiento""]",Raffaella Greco,Gerente OCM,7/1/2019,10/4/2019,"En el marco del desarrollo del proyecto Quebrada Blanca 2, TheHouse acompañó a Teck Chile en el diseño e implementación de un plan de gestión del cambio, para enfrentar los desafíos de transformación de la organización, entre ellos la Automatización del n",/sites/Proyectos-TheHouse/Documentos compartidos/Teck/TEC01 - Change management,Josue Meneses,10/8/2024 11:42 AM,8/9/2026 3:41 PM,,Alejandra Loyola Schmidt,Joaquín López
VFC01,Plan de incorporación Socios,"Vergara, Fernandez, Costa y Claro ABOGADOS",Servicios profesionales,Sistema organizacional,"[""Alejandra Loyola"",""Ximena Concha"",""Vicente Loyola""]","[""Desarrollo de carrera"",""Cultura organizacional"",""Benchmark"",""Alineamiento ejecutivo"",""Modelo de talento"",""Estructura"",""Eneagrama""]",Gloria Claro,Socia,18/12/2018,4/2/2019,"Se trabajó con los Socios del Estudio de abogados V,F,C&C en un plan de desarrollo de carrera y en la posibilidad de incoporar nuevos Socios al estudio, con las ventajas y riesgos que ello podría implicar.","/sites/Proyectos-TheHouse/Documentos compartidos/Vergara, Fernandez, Costa y Claro ABOGADOS/VFC01 - Plan de Incorporación Socios",Josue Meneses,10/8/2024 11:42 AM,8/20/2026 7:16 AM,,Alejandra Loyola Schmidt,Florencia Santa Cruz
ALG01,Definiciones Estratégicas,Algramo,Non-profit,Estrategia,"[""Por Definir""]","[""Estrategia"","" Capacidades organizacionales"","" Propósito"","" Coordinación"","" Decisiones directivas"","" Comités"","" Profesionalización"","" Sustentabilidad"","" Modelo organizacional""]",Por Definir,,,,"El proyecto se enfocó en el desarrollo del equipo ejecutivo de Algramo, a través de un taller de coordinación organizacional. Se realizaron entrevistas en profundidad y se generó un diagnóstico de la situación actual de la empresa, identificando oportunidades de aprendizaje y consensuando el negocio base y las decisiones estratégicas.",/:f:/s/Proyectos-TheHouse/Em3GOc8bDtpGiF0GfneGYukB66OncZITmLdcTLiSLfiJjg?e=vje20m,Aldemar  Pinzón,12/10/2024 11:27 AM,2/17/2025 8:48 AM,,,
AMSA01,Plan 2015 GEO,AMSA,Minería,Gestión del cambio,"[""Por Definir""]","[""Gestión del cambio"","" Comunicación"","" Transformación organizacional"","" Efectividad organizacional"","" Mapa de riesgos"","" Sinergias"","" Liderazgo gerencial"","" Monitoreo de efectividad"","" Identidad organizacional""]",Por Definir,,,,"Se estableció un plan de implementación para la gestión del cambio en AMSA, con énfasis en la comunicación única y consistente, difusión de identidad y mapeo de recursos. Se implementó un dashboard para monitorear la efectividad de la transformación organizacional.",/:f:/s/Proyectos-TheHouse/Ev50CUWcOCpBgWKo_o7SHYsBRR46Y-kbyf8oyzpd3EFDyg?e=fxgjVI,Aldemar  Pinzón,12/10/2024 11:27 AM,2/17/2025 8:46 AM,,,
ANG01,Contratistas,Anglo American,Minería,Eficiencia operacional,"[""Por Definir""]","[""Contratistas"","" Estrategia de cambio"","" Gestión de riesgos"","" Relaciones laborales"","" Mediación"","" Seguridad industrial"","" Planificación estratégica"","" Comunicación interna"","" Gestión de crisis""]",Por Definir,,,,Se evaluó la situación actual de Anglo American respecto a contratistas y se diseñó un plan de implementación para abordar posibles ocupaciones ilegales en Los Bronces. Se identificaron stakeholders clave y se establecieron estrategias para mitigar riesgos y mejorar la gestión del cambio.,/:f:/s/Proyectos-TheHouse/EvdM1WBhlB1LunHp-6pDuMkBeh5MGOm_eWLtRbAhB-MB3w?e=VhP4f6,Aldemar  Pinzón,12/10/2024 11:27 AM,2/17/2025 8:46 AM,,,
ARA01,Planificación Estratégica,Arauco,RR Naturales,Estrategia,"[""Por Definir""]","[""Desarrollo de equipo ejecutivo"","" Definiciones estratégicas"","" Alineamiento ejecutivo"","" Estrategia"","" Visión"","" Competitividad"","" Prioridades estratégicas"","" Gestión de personas"","" Trabajo colaborativo""]",Por Definir,,,,"Definición de Focos Estratégicos para el Negocio de Celulosa y Energía en 2017, consensuando con el Equipo Ejecutivo un propósito común y actualizando metas. Se busca claridad en roles, alineamiento con Forestal y desarrollo de equipos de excelencia.",/sites/Proyectos-TheHouse/Documentos compartidos/Arauco/ARA01 - Planificación Estratégica,Josue Meneses,12/10/2024 11:27 AM,7/20/2026 7:28 AM,Mariana  Hernandez Eyquem,,
ARA02,Encuentro ejecutivo,Arauco,RR Naturales,Gestión del cambio,"[""Por Definir""]","[""Liderazgo"","" Valores corporativos"","" Reflexión"","" Trabajo en equipo"","" Compromiso"","" Cultura organizacional"","" Comunicación"","" Empoderamiento"","" Feedback""]",Por Definir,,,,"Diseño de una dinámica de valores para el encuentro ejecutivo de Arauco, enfocada en reflexionar sobre el liderazgo necesario y comprometer a los ejecutivos con los valores corporativos, buscando mejorar la comunicación y el trabajo en equipo.",/sites/Proyectos-TheHouse/Documentos compartidos/Arauco/ARA02 - Encuentro ejecutivo,Josue Meneses,12/10/2024 11:27 AM,7/20/2026 7:26 AM,Mariana  Hernandez Eyquem,,
ARA06,Focos estratégicos 2019,Arauco,RR Naturales,Estrategia,"[""Por Definir""]","[""Focos estratégicos"","" Equipo ejecutivo"","" Desarrollo de equipo"","" Prioridades estratégicas"","" Cultura organizacional"","" Medio ambiente"","" Gestión de riesgos"","" Control de costos"","" Mejora continua""]",Por Definir,,,,"El proyecto se enfoca en definir los focos estratégicos para el año 2019, incluyendo la incorporación de un nuevo foco de Medio ambiente. Se establecen prioridades estratégicas, iniciativas y metas para lograr resultados sustentables y de excelencia en el equipo ejecutivo.",/:f:/s/Proyectos-TheHouse/EqjbQGkMOpVOgWulH0IvWj0BE0gvdk7hQFgCx5g-bNw6nQ?e=ohIXbA,Aldemar  Pinzón,12/10/2024 11:28 AM,2/17/2025 8:38 AM,,,
ARA10,Planificación Gcia Abast,Arauco,RR Naturales,Estrategia,"[""Por Definir""]","[""Estrategia"","" Gerencia de Compras"","" Taller"","" Dinámica de equipo"","" Liderazgo"","" Mejores prácticas"","" Encuesta"","" Desafíos"","" Covid19""]",Por Definir,,,,Propuesta de colaboración para conducir el seguimiento y adaptación de la estrategia de la Gerencia de Compras. Se realizarán talleres y entrevistas para reflexionar sobre los aprendizajes y adaptar la estrategia a los nuevos desafíos.,/sites/Proyectos-TheHouse/Documentos compartidos/Arauco/ARA10 - Planificación Gcia Abast,Josue Meneses,12/10/2024 11:28 AM,8/20/2026 7:16 AM,Alfonso Undurraga Bordeu,,Florencia Santa Cruz
BEE01,Definiciones Estratégicas,Bee Patagon,Consumo masivo,Estrategia,"[""Por Definir""]","[""Proyecciones financieras"","" Mercado internacional"","" Exportaciones"","" Producto premium"","" Equipo especializado"","" Business Model Canvas"","" Tendencias de la industria"","" Capacidad de producción"","" Inversionistas""]",Por Definir,,,,"Se diseñó una estrategia para Bee Patagon que incluye proyecciones financieras, análisis del mercado internacional de la miel, desarrollo de un producto premium y la identificación de oportunidades de crecimiento. Se realizó un Business Model Canvas y se estableció contacto con potenciales inversionistas.",/:f:/s/Proyectos-TheHouse/Eq1-Px5p9J5Hqg4U7Elx444BM65Jme9Anv1v17trfj_dYQ?e=AV7y5r,Aldemar  Pinzón,12/10/2024 11:28 AM,2/17/2025 8:50 AM,,,
BHP01,Taller Asuntos Corporativos,BHP,Minería,Gestión del cambio,"[""Por Definir""]","[""Gestión del cambio"","" Plan de implementación"","" Análisis de riesgos"","" Comunicación estratégica"","" Liderazgo"","" Desarrollo de equipo"","" Relaciones con stakeholders"","" Evaluación de desempeño"","" Planificación estratégica""]",Por Definir,,,,"Se realizó un taller estratégico para analizar la experiencia de Samarco y definir planes de acción para abordar situaciones similares. Se identificaron gaps, roles y responsabilidades, y se establecieron compromisos para mejorar el desempeño del equipo.",/sites/Proyectos-TheHouse/Documentos compartidos/BHP/BHP01 - Taller Asuntos Corporativos,Josue Meneses,12/10/2024 11:28 AM,7/23/2026 6:43 AM,Pablo Murillo,,
BHP02,Estrategia y organización,BHP,Minería,Estrategia,"[""Por Definir""]","[""Estructura"","" Organigrama"","" Decisiones estratégicas"","" Coordinación"","" Comités"","" Gobierno"","" Relaciones laborales"","" Comunicaciones internas"","" Comunicaciones externas""]",Por Definir,,,,"Se diseñó un plan de implementación para la estructura organizacional de Corporate Affairs en Copper, incluyendo decisiones estratégicas, coordinación de comités y comunicaciones internas y externas.",/:f:/s/Proyectos-TheHouse/EgzrMofw9xxDvMANogUl15YB6IKJj-Wksc67SbsLtUXWQQ?e=kTgeKL,Aldemar  Pinzón,12/10/2024 11:28 AM,2/17/2025 8:50 AM,,,
BHP03,Cambio en estructura organizacional y accountabilities,BHP,Minería,Rediseño organizacional y gobernanza,"[""Por Definir""]","[""Comunicación de cambios organizacionales"","" Estructura organizacional"","" Roles y responsabilidades"","" Comunicación interna"","" Comunicación externa"","" Reorganización"","" Relaciones institucionales"","" Gestión de riesgos"","" Estrategia de negocio""]",Por Definir,,,,"Se diseñó una nueva estructura organizacional para CA Operations Americas, comunicando cambios en roles y responsabilidades, tanto interna como externamente, en un contexto de reorganización y gestión del cambio.",/:f:/s/Proyectos-TheHouse/EuFsPmc2V-ZPrykWESqDPWYBHzXtKwtPkHgKRiVYepfGPA?e=debjoK,Aldemar  Pinzón,12/10/2024 11:28 AM,2/17/2025 8:50 AM,,,
BHP04,Apoyo MCoE HR,BHP,Minería,Gestión del cambio,"[""Por Definir""]","[""HR Strategy"","" Recruitment Strategy"","" Redeployment/Redundancy Strategy"","" Training Strategy"","" Labour Relations Strategy"","" Shift Structure Approach"","" Employee Assistance Program"","" Employee Engagement"","" Organizational Change""]",Por Definir,,,,"Implementación del Maintenance Centre of Excellence en BHP Billiton para mejorar la ejecución del mantenimiento. Incluye estrategias de recursos humanos, comunicación, formación y gestión del cambio.",/sites/Proyectos-TheHouse/Documentos compartidos/BHP/BHP04 - Apoyo MCoE HR,Josue Meneses,12/10/2024 11:28 AM,7/20/2026 7:24 AM,Mariana  Hernandez Eyquem,,
BHP09,Taller Ingeniería,BHP,Minería,Gestión del cambio,"[""Por Definir""]","[""Capacidades Management"","" Stakeholders Management"","" Change Management"","" Coordinación"","" Comunicación"","" Roles"","" Planificación"","" Encuesta"","" Dinámica""]",Por Definir,,,,"Se realizó un taller de equipo con la función de Ingeniería para definir focos, mejorar interacciones y priorizar actividades. Se presentaron resultados de encuestas y entrevistas para reflexionar sobre la percepción del proyecto y se definieron lineamientos para Ingeniería hacia adelante.",/sites/Proyectos-TheHouse/Documentos compartidos/BHP/BHP09 - Taller Ingeniería,Josue Meneses,12/10/2024 11:28 AM,7/20/2026 7:25 AM,Alfonso Undurraga Bordeu,,
BHP14,Corporate Affairs Sierra Gorda,BHP,Minería,Estrategia,"[""Por Definir""]","[""Demandas sociales"","" Benchmark"","" Comunidades"","" Minería"","" Medioambiente"","" Evaluación integral"","" Escenarios estratégicos"","" Corporate Affairs"","" Relacionamiento comunitario"","" Social Value"","" Stakeholders"","" Riesgos"","" Estrategia de largo plazo"","" Relación con el gobierno"","" Entrevistas ejecutivas""]",Por Definir,,,,"Evaluación integral de escenarios estratégicos para Sierra Gorda en el sector minero, enfocándose en el impacto social y ambiental. Se busca potenciar la estrategia de valor social y mejorar el relacionamiento con las comunidades y stakeholders relevantes.",/:f:/s/Proyectos-TheHouse/Epc2AOSRIwhFkFUCbS0C1gIBghTEdnBfQvasOJnXoqYegA?e=dltFRH,Aldemar  Pinzón,12/10/2024 11:28 AM,2/17/2025 8:52 AM,,,
BHP15,Taller de equipo función Technology,BHP,Minería,Gestión del cambio,"[""Por Definir""]","[""Reconocimientos"","" Trabajo colaborativo"","" Comunicación"","" Resolución de conflictos"","" Desarrollo de la estrategia"","" Priorización"","" Reflexión personal"","" Actividad en grupos"","" Rotación entre grupos""]",Por Definir,,,,"Se desarrolló un plan de acción para potenciar la integración y colaboración entre el equipo de BHP RUN Technology, incluyendo instancias de reconocimiento, resolución de conflictos, comunicación efectiva y desarrollo de la estrategia.",/sites/Proyectos-TheHouse/Documentos compartidos/BHP/BHP15 - Taller de equipo función Technology,Josue Meneses,12/10/2024 11:28 AM,7/23/2026 6:56 AM,Joaquín López,,Joaquín López
BHP16,Impulsando una nueva forma de trabajar,BHP,Minería,Gestión del cambio,"[""Por Definir""]","[""Bienestar"","" Salud física"","" Salud mental"","" Trabajo remoto"","" Flexibilidad laboral"","" Implementación"","" Cambio organizacional"","" Recursos humanos"","" Liderazgo""]",Por Definir,,,,"Implementación de Ways of Working en BHP MinAm para estructurar el trabajo híbrido, mejorar la calidad de vida y aumentar el rendimiento de los equipos. Se proporcionan guías y herramientas para apoyar a líderes y equipos en la transición hacia un modelo de trabajo flexible y remoto.",/sites/Proyectos-TheHouse/Documentos compartidos/BHP/BHP16 - Impulsando una nueva forma de trabajar,Josue Meneses,12/10/2024 11:28 AM,8/20/2026 7:16 AM,Mariana  Hernandez Eyquem,,Florencia Santa Cruz
BHP17,Cierre de brechas BOS,BHP,Minería,Eficiencia operacional,"[""Por Definir""]","[""Desviación de costos"","" Control de costos"","" Implementación de procesos"","" Reunión de coordinación"","" Avance físico"","" Calendario de planificación"","" Sesión de aprendizaje"","" KPIs"","" Recomendaciones finales""]",Por Definir,,,,"Se implementó un plan de control de costos para reducir la desviación de costos en el proyecto de Tecnología de la empresa, incluyendo reuniones de coordinación y sesiones de aprendizaje para mejorar el avance físico y la calidad de los entregables.",/sites/Proyectos-TheHouse/Documentos compartidos/BHP/BHP17 - Cierre de brechas BOS,Josue Meneses,12/10/2024 11:28 AM,8/9/2026 3:39 PM,,,Joaquín López
BIC01,Búsqueda de oportunidades de eficiencia,BICE Vida,Servicios financieros,Eficiencia operacional,"[""Por Definir""]","[""Análisis comparativo"","" Benchmark"","" Seguros de Vida"","" Eficiencia en costos"","" Estructura de costos"","" Competidores"","" Rentabilidad"","" Gastos de administración"","" Resultados de intermediación""]",Por Definir,,,,Análisis de competitividad y eficiencia para BICE Vida en la industria de Seguros de Vida. Identificación de oportunidades de eficiencia a través de benchmarking y análisis comparativo de costos y competidores.,/:f:/s/Proyectos-TheHouse/Etu8Lvo1KDpNggrlwOav0tYBMDgZNV_Z-u5w8qC0FqF0zg?e=09GX4Z,Aldemar  Pinzón,12/10/2024 11:29 AM,2/17/2025 8:53 AM,,,
BIC02,Evaluación de modelos de negocio,BICE Vida,Servicios financieros,Estrategia,"[""Por Definir""]","[""Análisis de escenarios estratégicos"","" Rentas Vitalicias"","" Modelamiento financiero"","" Optimización de gastos"","" Competitividad"","" Estrategia de crecimiento"","" Tarificador de RRVV"","" Análisis de sensibilización"","" Utilidad neta""]",Por Definir,,,,"Análisis de escenarios estratégicos y modelamiento financiero para BICE Vida, enfocado en Rentas Vitalicias. Se diseñó un dashboard para optimizar gastos, mejorar competitividad y estrategia de crecimiento.",/:f:/s/Proyectos-TheHouse/IgAqjTUj0XJvQ6QNH7od6WOpAaNLz0OmzxE2_jtLJdddtSg?e=aVUOTv,María Fé Solís,12/10/2024 11:29 AM,6/12/2026 9:28 AM,,,
CAP02,Ajustes a la nueva estrategia,Capel,Consumo masivo,Estrategia,"[""Por Definir""]","[""Definiciones estratégicas"","" Plan de implementación"","" Estrategia corporativa"","" Transformación organizacional"","" Modelo de negocio"","" Prioridades estratégicas"","" Análisis de mercado"","" Competitividad"","" Gestión del cambio""]",Por Definir,,,,Se ajustó el plan estratégico de Cooperativa Capel para fortalecer su negocio base y adaptarse a los cambios generados por el deal de distribución con Coca Cola Andina. Se diseñó un plan de implementación al 2020 y se proyectaron los resultados del negocio para los próximos 5 años.,/:f:/s/Proyectos-TheHouse/ElWRET7Tr59CrIilv87ALNMBxDGCwtNzP33LYRMkZb4JYQ?e=u8nlxE,Aldemar  Pinzón,12/10/2024 11:29 AM,2/17/2025 8:54 AM,,,
CEN02,Op estructura de bonos,Antofagasta Minerals,Minería,Rediseño organizacional y gobernanza,"[""Por Definir""]","[""Bonos"","" Eficiencia operacional"","" Diseño organizacional"","" Consultoría estratégica"","" Minería"","" Gestión del cambio"","" Incentivos"","" Benchmark"","" Estrategia""]",Por Definir,,,,"Rediseño del sistema de bonos variables y prácticas operacionales en Minera Centinela para mejorar la eficiencia y alineación con los resultados de la compañía, a través de ajustes en la estructura de bonos y prácticas operacionales.",/:f:/s/Proyectos-TheHouse/ElsdQ6xaAjhKrXS6IWo42j0BkjrvKpPxVlIIPjVYtIgULw?e=uirFzg,Aldemar  Pinzón,12/10/2024 11:29 AM,2/17/2025 8:56 AM,,,
CENCO03,CencoFit 2024,Cencosud,Retail,Eficiencia operacional,"[""Por Definir""]","[""Ahorro estructural"","" Priorización de iniciativas"","" Reducción de costos"","" Optimización de procesos"","" Implementación de medidas"","" Análisis de oportunidades"","" Matriz de priorización"","" Eficiencia operacional"","" CencoFit""]",Por Definir,,,,"Análisis de SG&A para identificar oportunidades de ahorro estructurales en Cencosud. Plan de trabajo para discusión, presentaciones de ahorro, coordinación con líderes y evaluación de iniciativas para implementar medidas transformacionales.",/sites/Proyectos-TheHouse/Documentos compartidos/Cencosud/CENCO03 - CencoFit,Josue Meneses,12/10/2024 11:29 AM,7/20/2026 7:27 AM,Andrés Mercado,,
CHU01,STC Desarrollo PMCHS,Codelco División Chuquicamata,Minería,Estrategia,"[""Por Definir""]","[""Definiciones estratégicas"","" Plan de implementación"","" Desarrollo de equipo ejecutivo"","" Negociación colectiva"","" Sustentabilidad"","" Formación de equipo"","" Modelo organizacional"","" Gestión del cambio"","" Productividad""]",Por Definir,,,,"Se estableció un comité de Desarrollo Estratégico para el PMCHS en Codelco, enfocándose en definiciones estratégicas para la instalación de la minería subterránea. Se propuso un taller para redefinir el marco estratégico y se realizaron entrevistas con el equipo ejecutivo para abordar desafíos y compromisos del proyecto.",/:f:/s/Proyectos-TheHouse/EmgkOHX-PehPg4ENQRlSMiQBIp_EArtcUyQiJqjkxlC19A?e=YgVvKI,Aldemar  Pinzón,12/10/2024 11:29 AM,2/17/2025 8:58 AM,,,
CHU02,Diseño Organizacional,Codelco División Chuquicamata,Minería,Rediseño organizacional y gobernanza,"[""Por Definir""]","[""Gestión operacional"","" Dilemas"","" Recomendaciones"","" Plan de trabajo"","" Estructura organizacional"","" Transformación"","" Liderazgo"","" Capacidades requeridas"","" Modelo operativo""]",Por Definir,,,,"Se diseñó la estructura organizacional y se identificaron dilemas en la gestión operacional para la transformación de la División Chuquicamata, con recomendaciones y plan de trabajo para la implementación.",/:f:/s/Proyectos-TheHouse/Es7NUJ471ARPhbvtfLh923oBI0XjxjadjBqT0tSwDBQZog?e=IqZExz,Aldemar  Pinzón,12/10/2024 11:29 AM,2/17/2025 8:58 AM,,,
CHU03,Talleres dilemas capítulo 12 y 15,Codelco División Chuquicamata,Minería,Gestión del cambio,"[""Por Definir""]","[""Modelo operativo"","" Desarrollo de equipo ejecutivo"","" Plan de implementación"","" Estrategia"","" Gestión del cambio"","" Organización"","" Minería subterránea"","" Codelco"","" Formación""]",Por Definir,,,,"El proyecto se enfoca en la instalación de un nuevo modelo de operación de minería subterránea en Codelco, con la participación de diferentes divisiones. Se busca identificar y resolver dilemas operativos y de mantenimiento, así como diseñar la estructura organizacional y el plan de implementación para la fase de instalación y puesta en marcha.",/:f:/s/Proyectos-TheHouse/ElC1AFArm79OuJHeQhPKwKYBNoD8_iHB9KmbNGe1cJQOYg?e=Q9IFXt,Aldemar  Pinzón,12/10/2024 11:29 AM,2/17/2025 8:58 AM,,,
CHU04,STC Extraordinario,Codelco División Chuquicamata,Minería,Rediseño organizacional y gobernanza,"[""Por Definir""]","[""Desarrollo ejecutivo"","" Diseño organizacional"","" Estrategia"","" Gestión del cambio"","" Plan de implementación"","" Benchmark"","" Entrevista"","" Modelo operativo"","" Reclutamiento""]",Por Definir,,,,"Se propone un plan de trabajo de tres semanas de apoyo a la GDMS en la preparación de un STC extraordinario para el desarrollo del equipo ejecutivo, incluyendo diseño organizacional y estrategia.",/:f:/s/Proyectos-TheHouse/ElDc0Z7OVPhGlUsrGk0lZJIBbMVHoJVzo3pgYtSDtTNz3w?e=DLAMuj,Josue Meneses,12/10/2024 11:29 AM,7/31/2026 7:47 AM,Sebastián Camus Solari,,
CHU05,Gestión de contratistas,Codelco División Chuquicamata,Minería,Eficiencia operacional,"[""Por Definir""]","[""Productividad"","" Contratistas"","" Reducción de FTEs"","" PMO"","" Gestión de contratos"","" Ajustes"","" Implementación"","" Optimización de procesos"","" Seguimiento""]",Por Definir,,,,Programa de productividad de contratistas de Codelco para reducir 1.075 FTEs. Diseño de PMO para seguimiento de ajustes y consolidación de reducciones por gerencia.,/:f:/s/Proyectos-TheHouse/EiNaRexQjeFMt2YQaDVkJIkBsdm9cDxvSUe4m9n8wxiWrg?e=5gUL0S,Aldemar  Pinzón,12/10/2024 11:29 AM,2/17/2025 8:59 AM,,,
CHU06,Taller Sindicatos (Transformación),Codelco División Chuquicamata,Minería,Gestión del cambio,"[""Por Definir""]","[""Alineamiento ejecutivo"","" Desarrollo ejecutivo"","" Plan de implementación"","" Gestión del cambio"","" Estrategia"","" Comunicación"","" Transformación organizacional"","" Modelo organizacional"","" Gestión de stakeholders""]",Por Definir,,,,"Proyecto de alineamiento ejecutivo para la transformación de la División Chuquicamata de Codelco. Se diseñó un plan de transformación y gestión de stakeholders, con énfasis en la estrategia de aproximación con los DDSS y el rol del equipo ejecutivo en la transformación organizacional.",/:f:/s/Proyectos-TheHouse/EqvXwvq2tbVAguL2wX-0uisBUEEScIHxhJCrp24_CFHJXA?e=xGmI1b,Aldemar  Pinzón,12/10/2024 11:29 AM,2/17/2025 8:59 AM,,,
CLA01,Gestión de clima gerencias críticas,Caja Los Andes,Servicios financieros,Gestión del cambio,"[""Por Definir""]","[""Clima laboral"","" Liderazgo"","" Procesos de personas"","" Comunicación estratégica"","" Sistema organizacional"","" Coaching ejecutivo"","" Desarrollo de carrera"","" Reconocimiento"","" Equidad interna""]",Por Definir,,,,"Proyecto de clima laboral para mejorar el ambiente de trabajo en las gerencias críticas de la empresa. Se identificaron desafíos en liderazgo, procesos de personas, comunicación estratégica y sistema organizacional.",/:f:/s/Proyectos-TheHouse/ErduTGlbn05LnWjafqL5fxEBt8dWwjuxik_TZoywiqoQ1w?e=tebyrr,Aldemar  Pinzón,12/10/2024 11:29 AM,2/17/2025 9:00 AM,,,
CMPC02,Modelo operativo Security,CMPC,Recursos naturales,Eficiencia operacional,"[""Andrés Justiniano"",""Alejandra Loyola"",""Joaquín Moncada"",""Gastón Iver"",""Christian Uauy"",""Juan Pablo Vega""]","[""Alineamiento ejecutivo"",""Equipos de alto desempeño"",""Caso de negocio"",""Comités"",""Definiciones estratégicas"",""Descriptor de cargo"",""Plan de comunicación"",""Plan de implementación"",""Eficiencia"",""Estructura"",""KPIs"",""Liderazgo"",""Mapeo de procesos"",""Mejores practicas"",""Modelo operativo""]",Rafael Cox,Fiscal CMPC,10/18/2022,1/4/2022,"Se diseñó el modelo operativo para la Gerencia de Seguridad de CMPC, una gerencia recientemente creada que tiene por objetivo responder a los problemas de seguridad que Chile atraviesa y que impactan fuertemente en las operaciones de la compañía",/sites/Proyectos-TheHouse/Documentos compartidos/CMPC/CMPC02 - Modelo operativo security,Josue Meneses,12/10/2024 11:29 AM,8/9/2026 7:02 PM,,Juan Pablo Vega,Andres Justiniano
CMPC03,#SomosOperacionesPulp,CMPC,RR Naturales,Eficiencia operacional,"[""Por Definir""]","[""Modelo operativo"","" Gerencia de Operaciones"","" Planificación estratégica"","" Procesos de transformación"","" Involucramiento de líderes"","" Comunicación organizacional"","" Desarrollo de equipos"","" Implementación de cambios"","" Estrategia de negocio""]",Por Definir,,,,"Se busca potenciar la Gerencia de Operaciones Pulp de CMPC a través de la implementación de un nuevo modelo operativo integrado, con un enfoque en la eficiencia operacional y la mejora de los resultados operativos. Se incluye un plan de implementación detallado y un proceso de benchmarking para identificar oportunidades de mejora.",/sites/Proyectos-TheHouse/Documentos compartidos/CMPC/CMPC03 - Operaciones Pulp,Josue Meneses,12/10/2024 11:29 AM,8/20/2026 8:21 AM,,,Sofía Figueroa
COL01,Alineamiento Ejecutivo,Collahuasi,Minería,Gestión del cambio,"[""Por Definir""]","[""Alineamiento ejecutivo"","" Desarrollo ejecutivo"","" Dinámica de equipo"","" Liderazgo"","" Propósito"","" Plan de implementación"","" Feedback"","" Capacidades organizacionales"","" Crisis organizacional""]",Por Definir,,,,Diagnóstico de alineamiento ejecutivo para el equipo ejecutivo de Collahuasi. Se identificaron problemas en la dinámica de trabajo y se propusieron cambios para alinear al equipo con la estrategia de Optimización.,/:f:/s/Proyectos-TheHouse/Emt-Jhj91MNFoc6x2TerW94BulD3iOp9R613BdCZdSOGMQ?e=bvPLbF,Aldemar  Pinzón,12/10/2024 11:29 AM,2/17/2025 9:01 AM,,,
COL02,Assesment Ejecutivos,Collahuasi,Minería,Gestión del cambio,"[""Por Definir""]","[""Desarrollo ejecutivo"","" Equipo de alto desempeño"","" Dinámica de equipo"","" Liderazgo"","" Entrevista"","" Evaluación 360°"","" Propósito"","" Comunicación"","" Confianza""]",Por Definir,,,,Programa de Desarrollo Ejecutivo enfocado en mejorar la dinámica y desempeño del equipo ejecutivo de una compañía minera en Chile. Se utilizó el test DISC para identificar estilos de liderazgo y se realizaron talleres para fortalecer competencias y relaciones.,/:f:/s/Proyectos-TheHouse/Eqi2O_ErOzZBvN76RHAYD6gB_3D7GqkpjMZjnuUmJEZCcQ?e=baN2cN,Aldemar  Pinzón,12/10/2024 11:29 AM,2/17/2025 9:04 AM,,,
COL03,Modelo de gestión de personas y desarrollo ejecutivo,Collahuasi,Minería,Rediseño organizacional y gobernanza,"[""Por Definir""]","[""Desarrollo de equipo ejecutivo"","" Diagnóstico organizacional"","" Planes de desarrollo"","" Comunicación en cascada"","" Validación de resultados"","" Gestión del desempeño"","" Identificación de potencialidades"","" Roles en el CGR"","" Estrategia organizacional""]",Por Definir,,,,Diagnóstico y metodología para potenciar las capacidades organizacionales en CMDIC. Generación de planes de desarrollo y plan de comunicación interna. Validación de resultados por Vicepresidencia y calibración general en Comité ampliado.,/:f:/s/Proyectos-TheHouse/EoRmJRMzL_JMnA4XY9xEeQMBRNZ_wJVz987qEnX7Kxxwcg?e=sXozgN,Aldemar  Pinzón,12/10/2024 11:29 AM,2/17/2025 9:12 AM,,,
COL04,Modelo de gestión de personas y desarrollo ejecutivo 2da etapa,Collahuasi,Minería,Rediseño organizacional y gobernanza,"[""Por Definir""]","[""Desarrollo de personas"","" Identificación de potencialidades"","" Planes de desarrollo"","" Feedback"","" Coaching"","" Riesgos organizacionales"","" Visión organizacional"","" Ciclo de Gestión de Talento"","" Evaluación de desempeño""]",Por Definir,,,,"Proceso de identificación y desarrollo de potencialidades en CMDIC, con diseño de planes de desarrollo para ejecutivos, sesiones de feedback, coaching y análisis de riesgos organizacionales.",/:f:/s/Proyectos-TheHouse/Etc7RzYoc9VLoD2iZwXmZbQBc8HyepjTNix8wAFqFTx8zw?e=zpjRq7,Aldemar  Pinzón,12/10/2024 11:29 AM,2/17/2025 9:12 AM,,,
COL08,Asesoría estratégica a la Presidencia Ejecutiva,Collahuasi,Minería,Estrategia,"[""Por Definir""]","[""Gestión integral de riesgos"","" Seguridad"","" Minería"","" Ciclo de Gestión de Riesgos"","" Salud ocupacional"","" Productividad"","" Continuidad operacional"","" Prácticas de gestión"","" Valor""]",Por Definir,,,,"Implementación de un plan integral de gestión de riesgos en la industria minera para mejorar la seguridad, la salud ocupacional y la productividad, con un enfoque en la continuidad operacional y la captura de valor.",/sites/Proyectos-TheHouse/Documentos compartidos/Collahuasi/COL08 - Apoyo presentación Jorge Gómez,Josue Meneses,12/10/2024 11:29 AM,7/31/2026 12:33 PM,,,Sofía Figueroa
CSC01,Hoja de ruta presupuesto 2022,Cencosud Shopping,Consumo masivo,Estrategia,"[""Por Definir""]","[""Análisis de la industria"","" Retail"","" Innovación"","" Crecimiento"","" Rentabilidad"","" Sostenibilidad"","" ESG"","" Consumidores"","" Experiencia del cliente""]",Por Definir,,,,"Se desarrolló un plan estratégico para Cencosud Shopping centrado en la innovación, el crecimiento y la rentabilidad, con un enfoque en la experiencia del cliente y la sostenibilidad.",/:f:/s/Proyectos-TheHouse/EsB6H9f39WZPvQrh-VA8oQABQMFc9pi-8ENLp49ihBibhg?e=2KqZfg,Aldemar  Pinzón,12/10/2024 11:29 AM,2/17/2025 10:07 AM,,,
CSC04,Reimpulsando el crecimiento de Cenco Shopping,Cencosud Shopping,Consumo masivo,Estrategia,"[""Por Definir""]","[""Estrategia"","" Desarrollo de equipo ejecutivo"","" Innovación"","" Crecimiento"","" Liderazgo"","" Encuesta"","" Tendencias de la industria"","" Propósito"","" Cultura organizacional""]",Por Definir,,,,"Se plantea un plan estratégico para Cencosud Shopping hasta el 2028, enfocado en liderar la industria, innovar, conocer al cliente, crecer y ser sostenible. Se busca transformar la empresa y generar un impacto positivo en la comunidad.",/:f:/s/Proyectos-TheHouse/EryqDVP-8ZpItQSlmHgimFQBA_p14LTBHL6LtEMKEn7ytw?e=KLU8xB,Aldemar  Pinzón,12/10/2024 11:29 AM,2/17/2025 10:07 AM,,,
CUI01,Planificación Estratégica,Fundación Cuida Futuro,Non-profit,Estrategia,"[""Por Definir""]","[""Definiciones estratégicas"","" Propósito"","" Misión"","" Visión"","" Ámbitos de acción"","" Iniciativas estratégicas"","" Fuentes de financiamiento"","" Sistema organizacional"","" Segmentos""]",Por Definir,,,,"Se realizaron talleres para definir el propósito, misión, visión, ámbitos de acción, iniciativas estratégicas y fuentes de financiamiento de la Fundación Cuida Futuro, avanzando en su diseño estratégico.",/:f:/s/Proyectos-TheHouse/EpjTrqXelP9KqIlkZbMcdQsBj66U2rqPh1KZsXpZOgcPGg?e=ikd94h,Aldemar  Pinzón,12/10/2024 11:29 AM,2/17/2025 10:08 AM,,,
DET01,ODS5 Transformación de procesos administrativos,Codelco División El Teniente,Minería,Eficiencia operacional,"[""José Miguel Sepúlveda"",""Javier Uribe"",""Juan Diego Covarrubias"",""Juan Ignacio Castro""]","[""Eficiencia"","" Rediseño de procesos"","" Contratos"","" Metas concretas"","" Planificación estratégica"","" Colaboración"","" Comunicación"","" Optimización de recursos"","" Valor agregado""]",Por Definir,,,,"Apoyo en la disminución de contratos y rediseño del abastecimiento de proyectos en la División el Teniente, con el objetivo de optimizar procesos, reducir transacciones y promover un estilo colaborativo de trabajo.",/:f:/s/Proyectos-TheHouse/IgD9vVRAkFgKQIczfne6hHFEAbFPv3U3czalvRLtrQhjxH4?e=s86qDb,María Fé Solís,12/10/2024 11:29 AM,6/12/2026 7:52 AM,,,
EAS01,Modernizar modelo operativo,Easy,Consumo masivo,Eficiencia operacional,"[""Por Definir""]","[""Eficiencia operacional"","" Reducción de costos"","" Mejora de servicio"","" Optimización de procesos"","" Rentabilidad"","" Modelo operativo"","" Horarios de tiendas"","" Dotación de personal"","" Implementación""]",Por Definir,,,,"Modernización del modelo operativo en tiendas Easy para reducir costos y mejorar el nivel de servicio, impactando directamente en los ingresos. Se busca rentabilizar el negocio mediante el rediseño de procesos operativos, horarios de tiendas y dotación de personal.",/sites/Proyectos-TheHouse/Documentos compartidos/Easy/EAS01 - Modernizar modelo operativo,Josue Meneses,12/10/2024 11:29 AM,8/10/2026 6:06 AM,,,Gerardo Boetsch
EAS03,Gestión de existencias,Easy,Consumo masivo,Eficiencia operacional,"[""Por Definir""]","[""Incentivos"","" Bonos"","" Gestión de inventarios"","" Proceso de cambio"","" Capacitación"","" Implementación de procesos"","" Roles y funciones"","" Sistemas y herramientas"","" Diagnóstico""]",Por Definir,,,,"Se busca potenciar la gestión integrada de inventarios en Easy, ajustando procesos y sistemas para reflejar con precisión la realidad de las tiendas. Se propone un plan de trabajo de 20 semanas con instancias de seguimiento y validación.",/:f:/s/Proyectos-TheHouse/EiHgYQawP3NMoDFJYewt_ZEBCHAMk6nRUu4UnDKuQwmtxA?e=SaDxXR,Aldemar  Pinzón,12/10/2024 11:29 AM,2/17/2025 10:10 AM,,,
EAS04,Estructura organizacional venta empresas,Easy,Retail,Sistema organizacional,"[""Josefina Correa"",""Juan Pablo Arriagada"",""Catalina Iacobelli"",""Isidora Navarro"",""Pablo Guarda"",""José Miguel Sepúlveda"",""Pablo González"",""Alejandra Loyola""]","[""Estructura"",""Diagnostico"",""Incentivos"",""Mapeo de procesos""]",Felipe Longo,Gerente General,3/1/2021,19/3/2021,"Definir una estructura de alto nivel para venta empresas (VE) de Easy. Además, se propusieron cambios al área comercial: se delimitaron funciones de los distintos cargos y se realizó una propuesta de ajuste de incentivos",/sites/Proyectos-TheHouse/Documentos compartidos/Easy/EAS04 - Estructura organizacional Venta Empresas,Josue Meneses,12/10/2024 11:29 AM,7/23/2026 7:45 AM,,Jose Miguel Sepúlveda Donoso,
EDMG01,Planificación estratégica,EDELMAG,RR Naturales,Estrategia,"[""Por Definir""]","[""Plan estratégico"","" Desarrollo de proyectos"","" Gobernanza"","" Estrategia de negocio"","" Capacidades organizacionales"","" Inversiones"","" Estructura organizacional"","" Retención de talento"","" Comités de directores""]",Por Definir,,,,"Se ajustó el plan estratégico de EDELMAG considerando nuevos competidores, cambios regulatorios y capacidades del equipo. Se propuso una nueva estructura organizacional y roles para ejecutar el plan de inversiones.",/sites/Proyectos-TheHouse/Documentos compartidos/Edelmag/EDMG01 - Planificación estratégica,Josue Meneses,12/10/2024 11:29 AM,8/20/2026 7:16 AM,Constanza Aguilera,,Florencia Santa Cruz
ENA01,Modelo de Talento ENAP,ENAP,RR Naturales,Rediseño organizacional y gobernanza,"[""Por Definir""]","[""Desarrollo ejecutivo"","" Plan de implementación"","" Evaluación de desempeño"","" Coaching"","" Modelo de talento"","" Diálogo de desarrollo"","" Aprendizaje a través de otros"","" Estrategia"","" Liderazgo""]",Por Definir,,,,"Implementación de un Modelo de Gestión de Talento para identificar a ejecutivos en zona de talento y comenzar un Programa de Desarrollo de Equipos Ejecutivos. Se incluyen talleres, encuestas y diálogos de desarrollo para mejorar el desempeño y potencial de los ejecutivos.",/sites/Proyectos-TheHouse/Documentos compartidos/ENAP/ENA01- Modelo de Talento ENAP,Josue Meneses,12/10/2024 11:29 AM,8/20/2026 7:16 AM,Mariana  Hernandez Eyquem,,Florencia Santa Cruz
EQU01,Cultura de Servicio,Equifax,Servicios financieros,Gestión del cambio,"[""Por Definir""]","[""Cultura organizacional"","" Liderazgo"","" Capacitación"","" Comunicación"","" Cambio organizacional"","" Estrategia"","" Conductas organizacionales"","" Innovación"","" Compromiso""]",Por Definir,,,,"Desarrollo de la Cultura de Servicio en Equifax a través de la capacitación y empoderamiento de líderes, definición de conductas y pilares, y creación de un relato estratégico para alinear a toda la organización.",/:f:/s/Proyectos-TheHouse/Eq5vsLD33Y1LihUnmG4dPkABBiF0nXur6ElHUE-FAPVHwg?e=qmps6y,Aldemar  Pinzón,12/10/2024 11:29 AM,2/17/2025 10:15 AM,,,
EQU02,Moderación Taller,Equifax,Servicios financieros,Gestión del cambio,"[""Por Definir""]","[""Alineamiento estratégico"","" Equipo ejecutivo"","" Diagnóstico"","" Implementación de estrategia"","" Propuesta de valor"","" Plan de implementación"","" Encuesta organizacional"","" Análisis de información"","" Cultura de servicio""]",Por Definir,,,,"Proyecto de alineamiento estratégico para Equifax, diseñando una estrategia local alineada con objetivos corporativos, con participación del equipo ejecutivo y entrega de informe con conclusiones y plan de implementación.",/:f:/s/Proyectos-TheHouse/Eivdn86dkExKivt0QfBJ-LMBTThtvddKAYuixilz5STZzg?e=OmLY8N,Aldemar  Pinzón,12/10/2024 11:29 AM,2/17/2025 10:15 AM,,,
ESS01,Planificación estratégica Esval-Essbio,Esval & Essbio,Servicios básicos,Estrategia,"[""Por Definir""]","[""Planificación estratégica"","" Propósito organizacional"","" Focos estratégicos"","" Prioridades estratégicas"","" Iniciativas estratégicas"","" Comités"","" Estrategia de cambio cultural"","" Gestión de riesgos"","" Cultura organizacional""]",Por Definir,,,,"Se realizó la planificación estratégica de Essbio, definiendo propósito, focos estratégicos, prioridades y un plan de implementación. Se identificaron riesgos críticos y se propuso un cambio cultural para gestionarlos.",/:f:/s/Proyectos-TheHouse/IgC97LtoVXWoSI1aKJLpbNKhARGTgso9YiD1JfdKs0MeqDQ?e=Mzftcq,María Fé Solís,12/10/2024 11:29 AM,6/12/2026 9:23 AM,,,
ESV01,Planificación estratégica Esval-Essbio,Esval & Essbio,Servicios básicos,Estrategia,"[""Por Definir""]","[""Planificación estratégica"","" Propósito organizacional"","" Focos estratégicos"","" Prioridades estratégicas"","" Iniciativas estratégicas"","" Comités"","" Eficiencia operacional"","" Rentabilidad"","" Satisfacción de clientes""]",Por Definir,,,,"Se realizó la planificación estratégica de Esval, definiendo propósito, focos estratégicos, prioridades y un plan de implementación para mejorar la eficiencia operacional y la satisfacción de clientes.",/:f:/s/Proyectos-TheHouse/Er3su2hVdahIjVookuls0qEBEZOCyj1iIPUl90qzQx6oNA?e=yFLJ64,Aldemar  Pinzón,12/10/2024 11:29 AM,2/17/2025 10:17 AM,,,
ESV02,Seguimiento a la planificación estratégica,Esval & Essbio,Servicios básicos,Estrategia,"[""Por Definir""]","[""Plan de implementación"","" Metas SMART"","" Encuentro ejecutivo"","" Definiciones estratégicas"","" Implementación estratégica"","" Gobernanza"","" Equipo ejecutivo"","" Dashboard"","" Satisfacción del cliente""]",Por Definir,,,,Se ajustó el plan estratégico de ESVAL y Aguas del Valle según los nuevos retos del sector sanitario en Chile. Se incorporó una visión sostenible de largo plazo.,/:f:/s/Proyectos-TheHouse/Eip5DHRdfGBCqByqF5x_gf0B0Akb2keSwhPxwX4HzOe72A?e=BRbmdM,Aldemar  Pinzón,12/10/2024 11:29 AM,2/17/2025 10:17 AM,,,
FAL02,Coaching a Gerentes y Jefes,Falabella inmobiliario,Consumo masivo,Gestión del cambio,"[""Por Definir""]","[""Desarrollo de equipo ejecutivo"","" Definiciones estratégicas"","" Modelo operativo"","" Implementación de sistemas"","" Liderazgo"","" Plan de implementación"","" Comunicación"","" Gobernanza"","" Desafíos estratégicos""]",Por Definir,,,,"Se ajustó el plan estratégico de la Gerencia de Administración y Finanzas para convertirse en un socio estratégico del Grupo, definiendo cinco focos estratégicos y un plan de implementación detallado.",/:f:/s/Proyectos-TheHouse/ErMBcRtT9NtNrRaKlQEI-qwBBSK3M9KgeFtOYiTY6ixO0A?e=Qy88HD,Aldemar  Pinzón,12/10/2024 11:29 AM,2/17/2025 10:17 AM,,,
FALAB01,Estrategia comunicación,Falabella financiero,Servicios financieros,Estrategia,"[""Por Definir""]","[""Gestión del cambio"","" Comunicación"","" Diagnóstico"","" Entrevistas"","" Relato estratégico"","" Transformación organizacional"","" Metáforas"","" Programas de cambio"","" Cliente""]",Por Definir,,,,"Diagnóstico de la comunicación para la gestión del cambio en Falabella Financiero. Desarrollo de un relato estratégico para la implementación de nuevos valores culturales y procesos de cambio, incluyendo entrevistas con líderes y la construcción de un plan de implementación.",/:f:/s/Proyectos-TheHouse/EjhH7aZ_wl1PrRp9LOLHfgABgPgdvAB7mcv5GIlaWcmVJA?e=ZXF6Th,Aldemar  Pinzón,12/10/2024 11:29 AM,2/17/2025 10:18 AM,,,
FCMPC01,Planificación estratégica Fundación CMPC,Fundación CMPC,Otros,Estrategia,"[""Por Definir""]","[""Definiciones estratégicas"","" Desarrollo de equipo ejecutivo"","" Implementación de sistemas"","" Modelo operativo"","" Plan de implementación"","" Prioridades estratégicas"","" Roadmap"","" Seguimiento"","" Propósito""]",Por Definir,,,,"Se actualizará el plan estratégico de la Fundación CMPC para alinearlo con la estrategia CMPC 2030. Se definirán las prioridades estratégicas, los focos estratégicos y se diseñará un plan de implementación detallado.",/sites/Proyectos-TheHouse/Documentos compartidos/Fundación CMPC/FCMPC01 - Planificación estratégica Fundación CMPC,Josue Meneses,12/10/2024 11:29 AM,8/20/2026 7:17 AM,,,Martín Rosenfeld
FOS01,Planificación Estratégica,Fosis,Non-profit,Estrategia,"[""Por Definir""]","[""Desarrollo organizacional"","" Planificación estratégica"","" Prioridades estratégicas"","" Modelo de gestión"","" Colaboración público-privada"","" Innovación social"","" Cultura organizacional"","" Metas e iniciativas"","" Modernización digital""]",Por Definir,,,,"Desarrollo de la planificación estratégica del FOSIS para el periodo 2019-2021, incluyendo definición de focos estratégicos, metas e iniciativas, priorización de iniciativas, colaboración público-privada, innovación social, modernización digital y desarrollo de cultura organizacional.",/sites/Proyectos-TheHouse/Documentos compartidos/Fosis/FOS01 - Planificación estratégica,Josue Meneses,12/10/2024 11:29 AM,8/9/2026 7:02 PM,,,Andres Justiniano
FUN02,Herramienta de evaluación de desempeño,Fundación de las Familias,Non-profit,Rediseño organizacional y gobernanza,"[""Por Definir""]","[""Descriptor de cargo"","" Control de gestión"","" Evaluación de desempeño"","" Reunión de coordinación"","" Fundación de las Familias"","" Pautas de evaluación"","" Sistema organizacional"","" Coordinación con el cliente"","" Planilla de análisis""]",Por Definir,,,,"Se ha realizado una coordinación con la Fundación de las Familias para revisar y completar los descriptores de cargo, así como establecer pautas de evaluación de desempeño para diferentes cargos dentro de la organización.",/:f:/s/Proyectos-TheHouse/Elzs8aHZNkZHgH0ZIeGNE1UBTjze-arMBDkc9JpDHAY12Q?e=ndxStR,Aldemar  Pinzón,12/10/2024 11:29 AM,2/17/2025 10:20 AM,,,
GAS02,Estrategia Corporativa,Empresas Gasco,RR Naturales,Estrategia,"[""Por Definir""]","[""Análisis financiero"","" Estrategia empresarial"","" Proyecciones financieras"","" Negocio base"","" Adyacencias"","" EBITDA"","" Dimensiones del negocio"","" Prioridades estratégicas"","" Posicionamiento comercial""]",Por Definir,,,,"Se ajustó el plan estratégico de Empresas Gasco S.A. para los próximos años, definiendo adyacencias atractivas que potencien el negocio base y aumenten el EBITDA. Se incorporó un enfoque de análisis financiero y proyecciones financieras para respaldar las decisiones estratégicas.",/sites/Proyectos-TheHouse/Documentos compartidos/Empresas Gasco/GAS02 - Estrategia Corporativa,Josue Meneses,12/10/2024 11:29 AM,8/20/2026 7:16 AM,Sebastián Cifuentes,,Florencia Santa Cruz
GEI01,Planificación estratégica,Grupo Echeverría Izquierdo,Otros,Estrategia,"[""Por Definir""]","[""Desarrollo estratégico"","" Construcción"","" Minería"","" Seguridad"","" Estrategia"","" Innovación"","" Digitalización"","" Capacitación"","" Eficiencia""]",Por Definir,,,,"Desarrollo estratégico para establecer liderazgo en construcción y servicios para minería en Chile y Perú. Incluye metas, iniciativas, plan de implementación y potenciación de modelos de negocio adyacentes.",/:f:/s/Proyectos-TheHouse/EpEy-0QZrSBDtfaTDMaBUpoBXxCoqetUtBilJcFn4Ojygw?e=fGwdcN,Aldemar  Pinzón,12/10/2024 11:29 AM,2/17/2025 10:22 AM,,,
GEI02,Apoyo a la implementación de la estrategia,Grupo Echeverría Izquierdo,Otros,Estrategia,"[""Por Definir""]","[""Transformación de negocios"","" Definición estratégica"","" Liderazgo"","" Innovación"","" Modelo de negocio"","" Estructura organizacional"","" Gestión del cambio"","" Cadena de valor"","" Rentabilidad""]",Por Definir,,,,"Apoyo a la implementación de la estrategia del Grupo Echeverría Izquierdo para transformar el negocio de Edificaciones. Se busca establecer liderazgo en soluciones habitacionales para el segmento medio y potenciar la transformación del negocio de edificaciones, incluyendo la definición de modelos de negocio, estructura organizacional y evaluación de oportunidades en megaproyectos.",/sites/Proyectos-TheHouse/Documentos compartidos/Grupo Echeverría Izquierdo/GEI02 - Apoyo a la implementación de la estrategia,Josue Meneses,12/10/2024 11:29 AM,8/10/2026 6:06 AM,Alfonso Undurraga Bordeu,,Gerardo Boetsch
GTD01,Gestión de personas 2020,Grupo Gtd,Servicios básicos,Rediseño organizacional y gobernanza,"[""Por Definir""]","[""Gestión de personas"","" Desarrollo de equipos"","" Liderazgo"","" Capacitación"","" Evaluación de desempeño"","" Matriz 9 Box Grid"","" Talent Inventory"","" Clima laboral"","" Comunicación interna""]",Por Definir,,,,"Proyecto de desarrollo de equipo ejecutivo en Grupo Gtd, enfocado en potenciar el crecimiento sostenible a través del desarrollo de colaboradores clave. Se implementará un plan de desarrollo basado en la matriz 9 Box Grid y el Talent Inventory.",/:f:/s/Proyectos-TheHouse/EpA3DfNENrZKtiEutIj9T4QBasasMsD9a-QIdOHBfdljvg?e=xGyqsg,Aldemar  Pinzón,12/10/2024 11:29 AM,2/17/2025 10:26 AM,,,
GTD02,Gestión de personas 2020 2da etapa,Grupo Gtd,Servicios básicos,Rediseño organizacional y gobernanza,"[""Por Definir""]","[""Desempeño"","" Potencial"","" Matriz 9 Box Grid"","" Benchmark"","" Calibración"","" Evaluación"","" Gerencia"","" Comité"","" Segmentación""]",Por Definir,,,,"El proyecto de Gestión de Personas 2020 del Grupo Gtd se enfocó en evaluar el desempeño y potencial de los colaboradores a través de matrices y encuestas, con el objetivo de desarrollar al equipo ejecutivo.",/sites/Proyectos-TheHouse/Documentos compartidos/Grupo Gtd/GTD02 - Gestión de personas 2020 2da etapa,Josue Meneses,12/10/2024 11:29 AM,7/23/2026 5:11 PM,Sebastián Cifuentes,,
IGP01,MCoE Workshops,BHP,Minería,Gestión del cambio,"[""Por Definir""]","[""Eficiencia"","" Optimización de procesos"","" Plan de implementación"","" Benchmark"","" Desarrollo de equipo ejecutivo"","" Estrategia"","" Ciclo de gobierno"","" Implementación de sistemas"","" Mejores prácticas""]",Por Definir,,,,"Se identificaron oportunidades de mejora en el rendimiento de mantenimiento en BHP Minerals America, con un valor potencial de 614-689 M USD. Se propuso un plan de implementación para optimizar costos y maximizar la disponibilidad en equipos críticos.",/:f:/s/Proyectos-TheHouse/IgAAbsXpKckVTq6lwYwt1v0zAdqpXug_qz6ejptPYvkfAfM?e=sFeVBy,María Fé Solís,12/10/2024 11:29 AM,6/12/2026 9:16 AM,,,
LAB01,Modelo de Negocio,Laboratoria,Non-profit,Estrategia,"[""Por Definir""]","[""Modelo de negocios"","" Financiamiento"","" Non profit"","" For profit"","" Estructura organizacional"","" Benchmark"","" Desarrollo web"","" Fundraising"","" Gestión del cambio""]",Por Definir,,,,"Potenciar el modelo de negocio de Laboratoria para facilitar un crecimiento sustentable. Se ajustó el modelo de negocio y financiamiento, se definió una estrategia de crecimiento y se diseñó un plan de implementación para instalar un modelo de escalamiento.",/:f:/s/Proyectos-TheHouse/EkFc6d51Hi5LkaODlRHJ9pgBTp2kYyJgUDc4yxtUNOj6jg?e=BYsDPq,Aldemar  Pinzón,12/10/2024 11:29 AM,2/17/2025 10:27 AM,,,
LV01,Culture Audit 2015,Larrain Vial,Servicios financieros,Gestión del cambio,"[""Por Definir""]","[""Cultura organizacional"","" Responsabilidad social empresarial"","" Voluntariado"","" Equidad interna"","" Comunicación interna"","" Incentivos"","" Familia organizacional"","" Eventos corporativos"","" Compensación""]",Por Definir,,,,"Se creó la Fundación LarrainVial para promover acciones de voluntariado y responsabilidad social empresarial. Se fomenta la participación de los colaboradores en actividades comunitarias, reforzando la cultura organizacional y el sentido de pertenencia.",/:f:/s/Proyectos-TheHouse/EscPtvpBGWhHhM4h7VW0ixIBWvZhuVBOlB8eS-6XrgziLg?e=UZL8M4,Aldemar  Pinzón,12/10/2024 11:29 AM,2/17/2025 10:28 AM,,,
MIN01,Definiciones organizacionales,Grupo Mineros,Minería,Rediseño organizacional y gobernanza,"[""Por Definir""]","[""Estrategia corporativa"","" Crecimiento"","" Exploraciones"","" Proyectos de Crecimiento"","" Estructura organizacional"","" Roles y responsabilidades"","" Gobernanza"","" Desarrollo de equipos"","" Definición de perfiles""]",Por Definir,,,,"Se establecieron las definiciones organizacionales de la VP Desarrollo Negocios y Estrategia para habilitar los desafíos de crecimiento de la Compañía. Se diseñó una estructura organizacional que permita enfrentar los desafíos de crecimiento, definiendo roles, responsabilidades, perfiles y gobernanza.",/:f:/s/Proyectos-TheHouse/Ehp702bouyJBgpZ5ITLHu6kBM67RY7ePZyLpfaCUWL8toA?e=qBPcYa,Aldemar  Pinzón,12/10/2024 11:29 AM,2/17/2025 10:29 AM,,,
MLP01,Análisis de bonos y evaluación de internalización,Antofagasta Minerals,Minería,Rediseño organizacional y gobernanza,"[""Por Definir""]","[""Bonos"","" Convenios colectivos"","" Producción sustentable"","" Rendimiento operacional"","" Gestión mensual/anual"","" Evaluación de desempeño"","" Benchmark"","" Compensaciones"","" Eficiencia""]",Por Definir,,,,"Análisis de mejora de la estructura de bonos para operarios, en miras a la negociación colectiva anticipada. Propuestas de ajustes puntuales para bonos de producción sustentable, continuidad operacional, rendimiento en turno de mina, entre otros, con el objetivo de optimizar la eficiencia operacional.",/sites/Proyectos-TheHouse/Documentos compartidos/Antofagasta Minerals/MLP01 - Análisis de bonos y evaluación de internalización,Josue Meneses,12/10/2024 11:29 AM,7/22/2026 2:04 PM,,,Florencia Santa Cruz
OPO01,Diseño Organizacional,Oporto,Otros,Rediseño organizacional y gobernanza,"[""Por Definir""]","[""Roles y responsabilidades"","" Estructura organizacional"","" Gestión de cambios"","" Matriz organizacional"","" Responsabilidades funcionales"","" Reuniones de seguimiento"","" Desvinculación"","" Cargos part-time"","" Sistema de gobierno""]",Por Definir,,,,"Rediseño del organigrama y roles en Restaurant Oporto para mejorar la eficiencia operacional y la claridad en las responsabilidades, incluyendo cambios en la estructura y en el sistema de gobierno.",/:f:/s/Proyectos-TheHouse/EgAkp37Cu2FNvmB0cfdGYSUB2lZjD0eGVJJFivbakF8UVg?e=wY1pZ4,Aldemar  Pinzón,12/10/2024 11:29 AM,2/17/2025 10:31 AM,,,
PAR01,Optimizar el servicio de limpieza,Parque Arauco,Consumo masivo,Eficiencia operacional,"[""Por Definir""]","[""LEAN"","" Eficiencia operacional"","" Optimización de servicios"","" Modelo operacional"","" Transformación Lean"","" Metodología Lean"","" Diagnóstico"","" Procesos"","" Mejora continua""]",Por Definir,,,,"Implementación de la metodología Lean para optimizar el servicio de limpieza en Parque Arauco, buscando mejorar la eficiencia, control de operaciones y experiencia del cliente. Se diseñó un plan de trabajo con diagnóstico, diseño Lean y piloto.",/sites/Proyectos-TheHouse/Documentos compartidos/Parque Arauco/PAR01 - Optimizar el servicio de limpieza,Josue Meneses,12/10/2024 11:29 AM,7/30/2026 2:22 PM,Vicente Chadwick,,
PAR03,Modelo operativo de gestión de Seguridad;# Limpieza y Mantenimiento #TodosXMAS,Parque Arauco,Consumo masivo,Eficiencia operacional,"[""Por Definir""]","[""Eficiencia"","" Seguridad"","" Mantenimiento"","" Modelo operativo"","" Indicadores"","" Contratos"","" Rutinas"","" Desempeño"","" Planificación""]",Por Definir,,,,"Diseño detallado de modelos de servicios de seguridad, aseo y mantenimiento para mejorar la eficiencia operacional. Identificación de oportunidades y ajustes al modelo operativo y de gestión.","/sites/Proyectos-TheHouse/Documentos compartidos/Parque Arauco/PAR03 - Modelo operativo y de gestión de seguridad, limpieza y mantenimiento",Josue Meneses,12/10/2024 11:29 AM,8/20/2026 7:16 AM,,,Florencia Santa Cruz
PARIS01,Modernización operación TxD,Paris,Consumo masivo,Eficiencia operacional,"[""Por Definir""]","[""Transformación digital"","" Omnicanalidad"","" Gestión del cambio"","" Roles y estructura"","" Definiciones estratégicas"","" Implementación de sistemas"","" Estrategia"","" Ventas online"","" Procesos críticos""]",Por Definir,,,,"Propuesta de colaboración para modernizar la operación en tiendas de Tiendas por Departamento, integrando iniciativas en curso como la integración de procesos digitales, automatización, omnicanalidad y definiciones estratégicas clave. Se busca simplificar y automatizar procesos, ajustar roles y estructuras, y definir el posicionamiento estratégico de la empresa.",/sites/Proyectos-TheHouse/Documentos compartidos/Paris/PARIS01 - Modernización operación TxD,Josue Meneses,12/10/2024 11:29 AM,8/19/2026 1:19 PM,Alfonso Undurraga Bordeu,,Pablo Murillo
PARIS03,Instalación modernización tiendas,Paris,Consumo masivo,Eficiencia operacional,"[""Por Definir""]","[""Implementación piloto"","" Feedback"","" Comunicación"","" Buenas prácticas"","" Capacitación"","" KPIs"","" Gestión de resultados"","" Transformación en tiendas"","" Equipo de ventas""]",Por Definir,,,,"Proyecto de implementación de la transformación de la operación en tiendas Paris, con foco en la eficiencia operacional. Se han realizado ciclos de implementación, sesiones de feedback, definiciones clave, comunicación de la transformación, seguimiento a tiendas y presentaciones de resultados para potenciar el desempeño de las tiendas.",/sites/Proyectos-TheHouse/Documentos compartidos/Paris/PARIS03 - Instalación modernización tiendas,Josue Meneses,12/10/2024 11:29 AM,8/17/2026 5:20 PM,,,Simón Merino
PARIS05,Taller de lanzamiento de la estrategia TxD,Paris,Consumo masivo,Estrategia,"[""Por Definir""]","[""Estrategia"","" Implementación de sistemas"","" KPIs"","" Seguimiento"","" Coordinación"","" Análisis"","" Desarrollo de equipo ejecutivo"","" Focos estratégicos"","" Rentabilidad""]",Por Definir,,,,"Se propone un plan de implementación para asegurar el desarrollo de los Focos Estratégicos, con seguimiento detallado, análisis de KPIs y coordinación con el equipo ejecutivo.",/sites/Proyectos-TheHouse/Documentos compartidos/Paris/PARIS05 - Taller de lanzamiento de la estrategia TxD,Josue Meneses,12/10/2024 11:29 AM,7/20/2026 8:04 AM,Alfonso Undurraga Bordeu,,
PAS01,Presentación Directorio,Barrick Chile,Minería,Estrategia,"[""Por Definir""]","[""Desarrollo de equipo ejecutivo"","" Diseño organizacional"","" Definiciones estratégicas"","" Estructura organizacional"","" Roles y responsabilidades"","" Comunicación organizacional"","" Gestión del cambio"","" Alineamiento ejecutivo"","" Plan de implementación""]",Por Definir,,,,"Se propuso un plan estratégico para el LTO Chile, incluyendo definiciones organizacionales y roles. Se trabajó en el desarrollo del equipo ejecutivo y la cultura de Pascua Lama, con ajustes en la estructura y gobierno para mejorar la eficacia y coordinación.",/:f:/s/Proyectos-TheHouse/Et-XJ8a_pHhKp-HSncUkGxsBM7nDw1E08_V8-GfsDRWRMw?e=b77Nol,Aldemar  Pinzón,12/10/2024 11:29 AM,2/17/2025 10:35 AM,,,
PAS02,Diseño Organizacional LTO,Barrick Chile,Minería,Rediseño organizacional y gobernanza,"[""Por Definir""]","[""Estrategia"","" Comunicación"","" Medio ambiente"","" Relaciones comunitarias"","" Gestión de crisis"","" Valor compartido"","" Equipo ejecutivo"","" Sostenibilidad"","" Innovación""]",Por Definir,,,,"Se busca retomar la construcción del proyecto Pascua-Lama, posicionándolo como un vecino valioso y generando valor compartido con las comunidades. Se enfoca en mejorar la comunicación, la confianza y la credibilidad, así como en la sustentabilidad ambiental.",/:f:/s/Proyectos-TheHouse/EhEnapTMDDlKgNtjD-vdVwwBvkzJcL50ygCAq0J1DSuqxA?e=ct2uP5,Aldemar  Pinzón,12/10/2024 11:29 AM,2/17/2025 10:35 AM,,,
PCO01,Potenciamiento Gestión de Personas,Pucobre,Minería,Rediseño organizacional y gobernanza,"[""Por Definir""]","[""Gestión del talento"","" Evaluación de desempeño"","" Business Partner"","" Comunicación"","" Identificación de talento"","" Acciones sugeridas"","" Feedback"","" Metodología"","" Mejores prácticas""]",Por Definir,,,,"El proyecto busca potenciar el área de Gestión de Personas de Pucobre para transformarse en un 'Socio Estratégico' del negocio. Se diseñará una estructura, se identificarán capacidades y se evaluarán procesos y sistemas para lograr un servicio de excelencia.",/sites/Proyectos-TheHouse/Documentos compartidos/Pucobre/PCO01 - Potenciamiento Gestión de Personas,Josue Meneses,12/10/2024 11:29 AM,7/30/2026 2:14 PM,Joaquín López,,
PCS01,Taller Alineamiento Estratégico,Pegas Con Sentido,Non-profit,Estrategia,"[""Por Definir""]","[""Cultura organizacional"","" Generación de comunidades"","" Coaching"","" Desarrollo de carrera"","" Benchmarking"","" Rentabilizar negocio"","" Prioridades estratégicas"","" Propuesta de valor"","" Modelo de intervención""]",Por Definir,,,,"El proyecto se enfoca en el desarrollo de un equipo ejecutivo para la consultora 'Pegas Con Sentido', diseñando estrategias para mejorar la cultura organizacional y generar comunidades. Se realizan encuestas y benchmarking para identificar oportunidades de negocio y rentabilizar el negocio actual.",/:f:/s/Proyectos-TheHouse/Er0MIWTJpP1JqJsVsodQeLYBYhwKYfoCB-awfvS0Lj-cRA?e=HiKxWL,Aldemar  Pinzón,12/10/2024 11:29 AM,2/17/2025 10:34 AM,,,
PEN01,Clima Organizacional,Banco Penta,Servicios financieros,Gestión del cambio,"[""Por Definir""]","[""Clima organizacional"","" Planificación estratégica"","" Desarrollo de equipo"","" Gestión del cambio"","" Comunicación interna"","" Capacitación"","" Liderazgo"","" Estrategia de personas"","" Visión estratégica""]",Por Definir,,,,"Planificación estratégica del Área de Recursos Humanos para Banco Penta, alineando la estrategia de personas con la del negocio. Desarrollo de un plan detallado, iniciativas estratégicas y capacitación para el equipo ejecutivo.",/:f:/s/Proyectos-TheHouse/IgCtHYZ19jfYSrZgw1gLsQtvAY4b3oepo5d1MlMU2Pv6C9s?e=kAPRu7,María Fé Solís,12/10/2024 11:29 AM,6/12/2026 9:13 AM,,,
POL01,Planificación estratégica,Polpaico,Otros,Estrategia,"[""Por Definir""]","[""Rentabilidad"","" Cultura organizacional"","" Desarrollo de equipo ejecutivo"","" Sostenibilidad"","" Excelencia operacional"","" Encuesta"","" Entrevista"","" Plan de implementación"","" Tendencias de la industria""]",Por Definir,,,,"El proyecto de planificación estratégica de Grupo Polpaico busca transformar la compañía para alcanzar el liderazgo en costos a corto plazo y liderar en nuevos mercados a largo plazo. Se han identificado focos estratégicos, iniciativas y metas para lograr este objetivo.",/sites/Proyectos-TheHouse/Documentos compartidos/Polpaico/POL01 - Planificación estratégica,Josue Meneses,12/10/2024 11:29 AM,7/20/2026 8:09 AM,Mariana  Hernandez Eyquem,,
PRI01,Planificación Estratégica,Principal Financial Group,Servicios financieros,Estrategia,"[""Por Definir""]","[""Estrategia"","" Plan de implementación"","" Entrevista"","" Latam"","" Off-site"","" Desarrollo organizacional"","" Gestión del cambio"","" Decisiones estratégicas"","" Roles organizacionales""]",Por Definir,,,,Principal Latam off-site para definir estrategias a mediano y largo plazo. Se realizó un análisis de la estructura organizacional y se diseñó un plan de implementación para ajustarla a los objetivos estratégicos.,/:f:/s/Proyectos-TheHouse/Es-GgigyUJ1KsFAIXsM0QssBchSXExGRvo4HV9eLAilyhA?e=QJVa6K,Aldemar  Pinzón,12/10/2024 11:29 AM,2/17/2025 10:39 AM,,,
PRI02,Potenciar las capacidades organizacionales,Principal Financial Group,Servicios financieros,Rediseño organizacional y gobernanza,"[""Por Definir""]","[""Desarrollo ejecutivo"","" Roles ejecutivos"","" Competencias de liderazgo"","" Efectividad organizacional"","" Coordinación"","" Comunicación"","" Estrategia"","" Planificación"","" Gestión del cambio""]",Por Definir,,,,"El proyecto busca potenciar las capacidades organizacionales del equipo ejecutivo de Principal Latam para enfrentar los desafíos estratégicos del negocio. Se propone un plan de trabajo con sesiones de aclaración de roles, atribuciones e instancias de decisión, desarrollo de competencias de liderazgo y un Off-site para lograr mayor coordinación y toma de decisiones efectiva.",/:f:/s/Proyectos-TheHouse/Esrt5kFH22xMg9uHusqphLgBWONcsHbvBdO_U6eEjlpCDw?e=dMHgws,Aldemar  Pinzón,12/10/2024 11:29 AM,2/17/2025 10:39 AM,,,
SDA01,Perfiles de Cargo,Sociedad de Derechos de Autor (SCD),Non-profit,Rediseño organizacional y gobernanza,"[""Por Definir""]","[""Descripciones y Perfiles de Cargo"","" Levantamiento de Perfiles"","" ISO 9001"","" Consultoría"","" Recursos Humanos"","" Gestión del talento"","" Planificación estratégica"","" Comunicación interna"","" Desarrollo organizacional""]",Por Definir,,,,"Levantamiento de perfiles de cargos en la SCD para determinar funciones y habilidades necesarias, con el objetivo de mejorar la gestión del talento y la planificación estratégica.",/:f:/s/Proyectos-TheHouse/EnJpfBnnkZVEiJr-OgiHmakB3T-Y_b0iyC2S1ZlmUkFWgg?e=yELl8o,Aldemar  Pinzón,12/10/2024 11:33 AM,2/17/2025 10:40 AM,,,
SIE01,Planificación Estratégica,Siena,Otros,Estrategia,"[""Por Definir""]","[""Planificación estratégica"","" Definiciones estratégicas"","" Implementación de estrategias"","" Comunicación interna"","" Liderazgo ejecutivo"","" Incentivos"","" Seguimiento estratégico"","" Desarrollo organizacional"","" Estrategia de negocio""]",Por Definir,,,,"El proyecto de planificación estratégica de Siena busca impulsar la efectividad de la empresa a través de la definición de objetivos claros, desarrollo de iniciativas accionables y comunicación efectiva de la estrategia. Se enfoca en potenciar la profesionalización y el trabajo en equipo para enfrentar los desafíos futuros.",/:f:/s/Proyectos-TheHouse/ErTauujWLMVKh7zQpz4ZS0gBVzkUanr2JwIETVVN2hrjbw?e=W2IrDZ,Aldemar  Pinzón,12/10/2024 11:34 AM,2/17/2025 10:43 AM,,,
SIE02,Revisión y actualización planificación estratégica,Siena,Otros,Estrategia,"[""Por Definir""]","[""Comité Ejecutivo"","" Planificación estratégica"","" Equipo ejecutivo"","" Cultura corporativa"","" Desafíos adaptativos"","" Directorio"","" Definiciones estratégicas"","" Reflexión"","" Estrategia""]",Por Definir,,,,"El proyecto consiste en revisar la planificación estratégica 2017-2019 de Inmobiliaria Siena y actualizarla para el 2018. Se busca mejorar la preparación y participación del Comité Ejecutivo, así como la conexión del equipo ejecutivo con la estrategia y la cultura corporativa.",/:f:/s/Proyectos-TheHouse/Ejgip-Y3cOBPqZ5x4w4S99sBpCcgADk-BlQ8nnLDFpyYwQ?e=658B7q,Aldemar  Pinzón,12/10/2024 11:34 AM,2/17/2025 10:43 AM,,,
SIS01,Planificación Estratégica,Sistema B,Non-profit,Estrategia,"[""Por Definir""]","[""Propósito"","" Innovación"","" Comunicación interna"","" Red de embajadores"","" Desarrollo de equipo"","" Gobernanza distribuida"","" Estrategia de comunicación"","" Desarrollo organizacional"","" Financiamiento""]",Por Definir,,,,Desarrollo de la comunidad de empresas B a través de un enfoque sistémico para promover el triple impacto y la sostenibilidad financiera. Implementación de iniciativas estratégicas y mejora de procesos de RRHH y gobernanza.,/:f:/s/Proyectos-TheHouse/ElhL7fpWtuVOpcO_ivldtA4BWB-3yBW-UI_s8dx8aQ-vkw?e=jhDV68,Aldemar  Pinzón,12/10/2024 11:34 AM,2/17/2025 10:45 AM,,,
SOC01,Planificación Estratégica,Socialab,Otros,Estrategia,"[""Por Definir""]","[""Diagnóstico"","" Estrategia"","" Sistema organizacional"","" Modelo de negocios"","" Gobierno corporativo"","" Comités"","" Misión y visión"","" Financiamiento"","" Innovación""]",Por Definir,,,,"Se ajustó el plan estratégico de Socialab, revisando la misión, visión, valores y modelo de negocios. Se propuso un nuevo sistema de gobierno y se identificaron oportunidades de mejora en la estructura organizacional.",/:f:/s/Proyectos-TheHouse/Emn4O4kw_zlKqEZAPs7eVXsBkk3UN-2cKItKdq3pwiEt8Q?e=ebF0UK,Aldemar  Pinzón,12/10/2024 11:34 AM,2/17/2025 10:45 AM,,,
SON01,Planificación Estratégica,Fundación Sonrisas,Non-profit,Estrategia,"[""Por Definir""]","[""Propósito"","" Planificación estratégica"","" Financiamiento inteligente"","" Priorización"","" Matriz de impacto"","" Pilares estratégicos"","" Mapa estratégico"","" Dimensiones de negocio"","" Prioridades estratégicas""]",Por Definir,,,,"Se replanteó el propósito de Fundación Sonrisas y se diseñó un nuevo propósito basado en sus desafíos actuales. Se priorizaron los pilares estratégicos y se definieron las fuentes de financiamiento, detallando su factibilidad y tamaño del monto a conseguir.",/:f:/s/Proyectos-TheHouse/EtIPWSr8GK5EgguFtjV64QsBK4dsOgx9XX-mnPWGXCnErw?e=NMg6Rf,Aldemar  Pinzón,12/10/2024 11:34 AM,2/17/2025 10:46 AM,,,
SQM03,Potenciando la gestión de contratos Potasio Litio,SQM,Minería,Eficiencia operacional,"[""Por Definir""]","[""Gestión de contratos"","" Automatización"","" Capacitación"","" Estructura organizacional"","" Tendencias de la industria"","" Desarrollo de equipo ejecutivo"","" Eficiencia operacional"","" Plan de implementación"","" Encuesta""]",Por Definir,,,,"Se analizó la gestión de contratos de Potasio y Litio de SQM, identificando oportunidades de mejora en procesos, herramientas y capacitación. Se propuso un plan de implementación para optimizar la eficiencia operacional y adaptarse a las tendencias de la industria.",/:f:/s/Proyectos-TheHouse/IgCx5FWaW9LcTI9sHjMzxEXZAVVu2ebzZkEUfHu4ONzxk_M?e=SM7dbZ,María Fé Solís,12/10/2024 11:34 AM,6/12/2026 9:06 AM,,,
SQM07,Modelo operativo gestión ESG y Asuntos Corporativos,SQM,Minería,Eficiencia operacional,"[""Por Definir""]","[""Asuntos corporativos"","" Modelo operativo"","" Relacionamiento comunitario"","" Comunicaciones externas"","" Estructura organizacional"","" Gestión del cambio"","" Planificación estratégica"","" Rolling forecast"","" Indicadores de negocio""]",Por Definir,,,,"Se diseñó un nuevo modelo operativo para el área de Asuntos Corporativos de NY, incluyendo la incorporación de nuevas subgerencias y roles. Se implementó un dashboard para visualizar la salud del negocio y se trabajó en la identificación de oportunidades de valor.","/sites/Proyectos-TheHouse/Documentos compartidos/SQM/SQM07 - Modelos operativos Gestión, ESG y AA.CC",Josue Meneses,12/10/2024 11:34 AM,8/9/2026 7:02 PM,Juan Pablo Vega,,Andres Justiniano
SUS01,Presentación Gobierno Corporativo,Codelco VP Sustentabilidad,Minería,Rediseño organizacional y gobernanza,"[""Por Definir""]","[""Sustentabilidad"","" Stakeholders"","" Decisiones"","" Seguridad"","" Medio ambiente"","" Comunidades"","" Prevención de riesgos"","" Gestión del cambio"","" Capacitación""]",Por Definir,,,,"Construcción de bases para una minería sustentable, abordando la nueva Política de Sustentabilidad con definición de stakeholders y co-construcción de visión. Involucra entrevistas, reuniones de trabajo y mesas de trabajo con grupos de interés.",/:f:/s/Proyectos-TheHouse/EmFzabRdDQZKseq82avG_PkBAS4zoj-3_HYoR6-eUhDQ8A?e=b1a5GH,Aldemar  Pinzón,12/10/2024 11:34 AM,2/17/2025 10:47 AM,,,
TAC02,Revisión de la estrategia,TACAL,Non-profit,Estrategia,"[""Por Definir""]","[""Definiciones estratégicas"","" Prioridades estratégicas"","" Focos estratégicos"","" Iniciativas estratégicas"","" Plan de comunicación"","" Roadmap"","" Desafíos y oportunidades"","" Estructura organizacional"","" Finanzas""]",Por Definir,,,,"Se ajustó la estrategia de la Fundación TACAL para el período 2020-2023, enfocándose en potenciar la inclusión laboral de personas con discapacidad, diversificar fuentes de financiamiento y fortalecer el sistema organizacional.",/:f:/s/Proyectos-TheHouse/EloaseGyCXdFjXQZ2emyQx0BL2PriqP0U2x4_WAuKWtTVg?e=0TfcAo,Aldemar  Pinzón,12/10/2024 11:34 AM,2/17/2025 10:48 AM,,,
TAC03,Apoyo a la definición de la estructura organizacional,TACAL,Non-profit,Rediseño organizacional y gobernanza,"[""Por Definir""]","[""Rediseño organizacional"","" Estructura organizacional"","" Modelo de gobierno"","" Desarrollo de equipo"","" Roles y responsabilidades"","" Organigrama"","" Criterios organizacionales"","" Plan de sucesión"","" Empoderamiento""]",Por Definir,,,,"Se propone un rediseño organizacional para la Fundación TACAL, con el objetivo de definir una estructura eficiente y un sistema de gobierno. Se busca potenciar nuevas áreas, roles y liderazgos, manteniendo una comunicación eficiente y empoderando al equipo.",/:f:/s/Proyectos-TheHouse/EhmFFJ8AcPRKikxylCSGsCABrzVt8Ba_jl3xcvapPrNF9w?e=0ADotq,Aldemar  Pinzón,12/10/2024 11:34 AM,2/17/2025 10:48 AM,,,
TEC02,Ajuste modelo de intervención TECHO,Techo,Non-profit,Estrategia,"[""Por Definir""]","[""Estructura organizacional"","" Modelo de intervención"","" Procesos"","" Roles"","" Recursos"","" Optimización"","" Eficiencia"","" Remuneraciones"","" Capacidades requeridas""]",Por Definir,,,,Ajuste de la estructura y modelo de intervención de TECHO Chile para mejorar la eficiencia y reducir costos. Se propone un plan de implementación basado en entrevistas para optimizar procesos y roles.,/:f:/s/Proyectos-TheHouse/EjOQvXaCyelJp_6YgFEE7SMBEcJh1o9uyWYJn6dIwZvDUg?e=hxV5cH,Aldemar  Pinzón,12/10/2024 11:34 AM,2/17/2025 10:51 AM,,,
TEC03,Taller planificación estratégica,Techo,Non-profit,Estrategia,"[""Por Definir""]","[""Gestión de Personas"","" Business Partner"","" Especialistas funcionales"","" Gestión del desempeño y talento"","" Bandas salariales"","" Costos y productividad"","" KPIs"","" Dotación de personal"","" Productividad por persona""]",Por Definir,,,,"Potenciar el área de Gestión de Personas a través del desarrollo de Business Partners y especialistas funcionales para mejorar la gestión del desempeño, bandas salariales, costos y productividad en Pucobre.",/:f:/s/Proyectos-TheHouse/Ej2CKYyD9JhLnpQkqfsJnu0BTWiP7QMwFUrGMf8J3N1liQ?e=vmbLDW,Aldemar  Pinzón,12/10/2024 11:34 AM,2/17/2025 10:51 AM,,,
TEC04,Planificación estratégica,Techo,Non-profit,Estrategia,"[""Por Definir""]","[""Definiciones estratégicas"","" Propósito"","" Focos estratégicos"","" Planificación estratégica"","" Gobierno corporativo"","" Modelo de talento"","" Desarrollo ejecutivo"","" Estrategia organizacional"","" Incidencia en política pública""]",Por Definir,,,,"Se realizó un taller de definiciones estratégicas para TECHO Chile, con el objetivo de alinear al Directorio y equipo ejecutivo en torno al propósito y líneas de acción para el futuro. Se buscó ajustar la estrategia y el gobierno corporativo para enfrentar los desafíos futuros.",/sites/Proyectos-TheHouse/Documentos compartidos/TECHO/TEC04 - Planificación estratégica,Josue Meneses,12/10/2024 11:34 AM,7/20/2026 8:03 AM,Mariana  Hernandez Eyquem,,
UNI01,Lineamientos Estratégicos,Unifood,Otros,Estrategia,"[""Por Definir""]","[""Desarrollo organizacional"","" Roles y responsabilidades"","" Cultura organizacional"","" Estrategia de crecimiento"","" Sistema de gobierno"","" Robustez del negocio"","" Oportunidades de negocio"","" Consensos estratégicos"","" Priorización de iniciativas""]",Por Definir,,,,"El proyecto se enfocó en generar consensos sobre los lineamientos estratégicos del negocio de Unifood, identificando oportunidades de crecimiento futuro y analizando el calce de las aspiraciones personales con las oportunidades del negocio. Se propuso un diseño de iniciativas clave para alcanzar los objetivos propuestos al 2020.",/:f:/s/Proyectos-TheHouse/EsNRyxUkWZZGpWJ28hZcJ-YBUST2FtdomQYMWbv39Ks4mw?e=taIV5m,Aldemar  Pinzón,12/10/2024 11:34 AM,2/17/2025 10:52 AM,,,
UNI02,Sistema Organizacional,Unifood,Otros,Rediseño organizacional y gobernanza,"[""Por Definir""]","[""Estructura organizacional"","" Sistema de gobierno"","" Capital humano"","" Desarrollo ejecutivo"","" Roles y responsabilidades"","" Gobierno corporativo"","" Comités"","" Toma de decisiones"","" Evaluación de desempeño""]",Por Definir,,,,Diseño de una estructura organizacional robusta para Unifood y estrategia para Pollo Stop. Evaluación del capital humano y plan de desarrollo. Definición de sistema de gobierno y roles de socios y ejecutivos.,/:f:/s/Proyectos-TheHouse/EhhP7Xw8z7JOjQAYH34KzR4BeAM6sTzzN8HGh8kUVOgHjg?e=BArieg,Aldemar  Pinzón,12/10/2024 11:34 AM,2/17/2025 10:52 AM,,,
VIS01,Potenciando capacidades organizacionales,VISA,Servicios financieros,Rediseño organizacional y gobernanza,"[""Por Definir""]","[""Desarrollo de equipo ejecutivo"","" Clima organizacional"","" Liderazgo"","" Comunicación efectiva"","" Equipos de alto desempeño"","" Estructura organizacional"","" Cambio de liderazgo"","" Team Building"","" Capacidades organizacionales""]",Por Definir,,,,"Se realizó un proyecto de Team Building para potenciar las capacidades del equipo VISA Chile - Cono Sur, abordando desafíos de estructura organizacional, liderazgo y comunicación, con el objetivo de integrar al equipo a la nueva Directora del Cono Sur y generar lazos de confianza.",/sites/Proyectos-TheHouse/Documentos compartidos/VISA/VIS01 - Potenciando capacidades organizacionales,Josue Meneses,12/10/2024 11:34 AM,7/30/2026 2:21 PM,Sebastián Cifuentes,,
VP01,Evaluación Modelo de Gestión Rajo Inca,Codelco División Chuquicamata,Minería,Eficiencia operacional,"[""Por Definir""]","[""Eficiencia"","" Costos operacionales"","" Optimización"","" Competitividad"","" Modelo de gestión"","" Benchmark"","" Costo C1"","" Gestión del mantenimiento"","" Negociación de tarifas""]",Por Definir,,,,"Se evaluaron distintos escenarios de producción para extender la vida útil de la división a través de la explotación del nuevo Rajo Inca, con enfoque en la eficiencia operacional y la optimización de costos.",/:f:/s/Proyectos-TheHouse/Ev6z7DbzbGdHnQEC7ISEcjgBcpezYwKtJvdnzPl2sP8uAA?e=SAMctx,Aldemar  Pinzón,12/10/2024 11:34 AM,2/17/2025 10:54 AM,,,
VP02,Evaluación cambio sistema de turnos 8x6,Codelco División Chuquicamata,Minería,Eficiencia operacional,"[""Por Definir""]","[""Implementación de sistemas"","" Eficiencia operacional"","" Encuesta"","" KPIs"","" Productividad"","" Gestión del cambio"","" Comunicación"","" RRHH"","" Contratación""]",Por Definir,,,,Se evaluó el impacto de implementar el sistema de trabajo 8x6 en proyectos de la zona norte a través de un piloto. Se tomaron determinaciones para oficializar el sistema 8x6 en el proyecto PMCHS.,/:f:/s/Proyectos-TheHouse/Et8F8_eVMQ5JvxNoFQHUOl4BAofQjoGNFjFDIlBMXS2ZXw?e=BuwEj5,Aldemar  Pinzón,12/10/2024 11:34 AM,2/17/2025 10:54 AM,,,
CMPC10,Rediseño de modelo operativo planificación Maderas,CMPC,Recursos naturales,Eficiencia operacional,"[""Alejandra Loyola"",""José Miguel Sepúlveda"",""Pablo Murillo"",""Josefina Guridi"",""Francisco Croquevielle"",""Alessandra Tassan Din"",""Juan Pablo Vega""]","[""Estructura"",""Plan de implementación"",""Modelo operativo"",""RACI"",""Mapeo de procesos"",""Benchmark"",""Definiciones estratégicas"",""Derco""]",Juan Pablo Pereira,Gerente Negocios Maderas,11/11/2024,31/1/2025,"<div class=""ExternalClass457DF6996604426DB097770376D2CB6F"">El proyecto buscó mejorar la eficiencia del proceso de planificación para asegurar el cumplimiento de la Estrategia 2030 de CMPC Maderas. Para ello, se rediseñó el proceso a nivel estratégico, táctico y operacional, y se ajustaron los roles y la estructura organizacional para alinear a las distintas áreas involucradas en la planificación</div>",/sites/Proyectos-TheHouse/Documentos compartidos/CMPC/CMPC10 - Modelo operativo planificación Maderas,Josue Meneses,2/4/2025 4:57 AM,8/9/2026 7:02 PM,Vicente Chadwick,Francisco Croquevielle,Andres Justiniano
AMCL01,Jornada de planificación estratégica 2025,AmCham Chile,Servicios financieros,Estrategia,"[""Andrés Justiniano"",""Sebastián Camus"",""Francisco Croquevielle""]","[""Benchmark"",""Roadmap"",""Prioridades estratégicas"",""Plan de implementación"",""Comités"",""Mapeo de stakeholders"",""Onboarding"",""Plan de comunicación"",""Diagnostico"",""Focos estratégicos"",""Iniciativas estratégicas"",""Directorio""]",Paula Estévez,Gerente General,18/11/2024,24/1/2025,Se realizó un assessment de oportunidades y desafíos 2025 y un taller para revisar definiciones estratégicas y  Hoja de Ruta,/sites/Proyectos-TheHouse/Documentos compartidos/AmCham/AMCL01 - Jornada de planificación estratégica 2025,Josue Meneses,2/25/2025 3:22 PM,8/11/2026 2:39 PM,,,Martín Rosenfeld
CMPC09,Modelo operativo Gerencia P&O,CMPC,Recursos naturales,Estrategia,"[""Alejandra Loyola"",""Cristina Montes"",""Honorino Landa"",""Benjamín Matte"",""Alessandra Tassan Din"",""José Miguel Sepúlveda""]","[""Alineamiento ejecutivo"",""Definiciones estratégicas"",""Desvinculación"",""Diagnostico"",""Dinámica de equipo"",""Estructura"",""Focos estratégicos"",""Liderazgo"",""Modelo operativo"",""Plan de comunicación"",""Prioridades estratégicas""]",Constanza Arjona,Gerente de Personas (P&O),11/11/2024,20/12/2024,"<div class=""ExternalClass4EA037FBAABD4548A60B5D53F4D87ED8""><div style=""font-family&#58;Calibri, Arial, Helvetica, sans-serif;font-size&#58;11pt;color&#58;rgb(0, 0, 0);""><br></div></div>",/sites/Proyectos-TheHouse/Documentos compartidos/CMPC/CMPC09 - Modelo operativo Gerencia P&O,Josue Meneses,4/21/2025 9:50 AM,7/23/2026 9:29 AM,,Benjamin Matte,
CENCO06,Potenciando la regionalización de la Gerencia de Personas,Cencosud,Retail,Gestión del cambio,"[""José Miguel Sepúlveda"",""Alejandra Loyola"",""Loredanna Celleri"",""Mariana Hernández"",""Matías González"",""Juan Pablo Vega"",""Alessandra Tassan Din""]","[""Cultura organizacional"",""Estructura"",""Quick wins"",""Definiciones estratégicas"",""Optimización de procesos""]","Felipe Saavedra, Luis Bernardo Silva ","G. Regional CSC Personas, G. Corporativo Personas y Organización",10/2/2025,18/4/2025,"<div class=""ExternalClass240ED9FD199A4C0B87B81F3370D69851""><div style=""font-family&#58;Calibri, Arial, Helvetica, sans-serif;font-size&#58;11pt;color&#58;rgb(0, 0, 0);""><br></div></div>",/sites/Proyectos-TheHouse/Documentos compartidos/Cencosud/CENCO06 - Regionalización Gerencia P&O,Josue Meneses,4/29/2025 5:15 PM,8/11/2026 6:13 PM,Vicente Chadwick,Juan Pablo Vega,Vicente Chadwick
CENCO05,"Modelo operativo proyectos de inversión de capital
",Cencosud,Retail,Sistema organizacional,"[""José Miguel Sepúlveda"",""Cristina Montes"",""Magdalena Gálvez"",""Josefina Cruz"",""Andrés Mercado""]","[""Benchmark"",""Estructura"",""Roadmap"",""Plan de implementación"",""Comités"",""KPIs"",""Seguimiento"",""Modelo operativo"",""Quick wins"",""RACI"",""Modelo de gobierno""]",Andrés Neely,Gerente Corporativo Administración y Finanzas,8/1/2025,26/3/2025,,/sites/Proyectos-TheHouse/Documentos compartidos/Cencosud/CENCO05 - Modelo para la gestión de proyectos de inversión en Cencosud,Josue Meneses,6/26/2025 9:33 AM,7/23/2026 9:33 AM,,Andrés Mercado,
OXI01,Sistema de compensaciones variables,Oxiquim,,Sistema organizacional,"[""Alfonso Undurraga"",""Roberto Ragazzone"",""Andrés Mercado"",""Sofía Delano""]","[""Equipos de alto desempeño"",""Incentivos""]",Cecilia Pardo,Gerente General,21/11/2024,4/7/2025,"<div class=""ExternalClass87BF063333AD48EB96163D3144AF0CE7""><div>Rediseño del sistema de compensaciones variables e incentivos comerciales<p><br></p></div></div>",/sites/Proyectos-TheHouse/Documentos compartidos/Oxiquim/OXI01 - Diseño y aplicación de la nueva estructura de compensaciones variables,Josue Meneses,6/26/2025 9:33 AM,7/30/2026 3:18 PM,,Andrés Mercado,
CMPC11,Diseño organizacional Operaciones Pulp Chile,CMPC,Recursos naturales,Sistema organizacional,"[""Honorino Landa"",""Pablo Murillo"",""Sofía Gillet"",""Josefa Arias""]","[""Estructura"",""Diagnostico""]",Danilo Vergilio,Gerente Operaciones Pulp Chile,7/4/2025,23/5/2025,,/sites/Proyectos-TheHouse/Documentos compartidos/CMPC/CMPC11 - Diseño organizacional Operaciones Pulp,Josue Meneses,6/26/2025 9:45 AM,8/20/2026 7:16 AM,,Pablo Murillo,Gerardo Boetsch
UAI01,Alineación estratégica Junta Directiva UAI,Universidad Adolfo Ibañez,Educación,Estrategia,"[""Benjamín Matte"",""Vicente Chadwick"",""Andrés Justiniano"",""Alfonso Undurraga"",""José Miguel Sepúlveda"",""Alessandra Tassan Din""]","[""Benchmark"",""Alineamiento ejecutivo"",""Prioridades estratégicas"",""Diagnostico"",""Definiciones estratégicas"",""Posicionamiento estratégico"",""Liderazgo"",""Directorio""]",Andrés Iacobelli,Presidente Junta Directiva,5/5/2025,6/6/2025,"<div class=""ExternalClass54EDDFD106FE496CAC5E8798AFECE06D""><div style=""font-family&#58;Calibri, Arial, Helvetica, sans-serif;font-size&#58;11pt;color&#58;rgb(0, 0, 0);""><br></div></div>",/sites/Proyectos-TheHouse/Documentos compartidos/Universidad Adolfo Ibáñez/UAI01 - Alineación estratégica Junta Directiva UAI,Josue Meneses,6/26/2025 9:49 AM,7/30/2026 3:29 PM,Benjamin Matte,Vicente Chadwick,Benjamin Matte
SQM16,SQM16 - Governance of the main organizational decision-making processes,SQM,Minería,Eficiencia operacional,"[""José Miguel Sepúlveda"",""Loredanna Celleri"",""Ángela Garafulic"",""Sebastián Camus"",""Vicente Chadwick"",""Elisa Robinson""]","[""Comités"",""Mejores practicas"",""RACI""]",Mark Fones,"CEO SQM International Lithium Division
",18/3/2024,18/4/2025,,/sites/Proyectos-TheHouse/Documentos compartidos/SQM/SQM16 - Governance of the main organizational decision-making processes,Josue Meneses,6/26/2025 9:52 AM,8/11/2026 8:42 AM,,Elisa  Robinson,Joaquín Cerda
CSC06,Modelo de gestión de Operaciones 2.0,CencoMalls,Retail,Eficiencia operacional,"[""José Miguel Sepúlveda"",""Loredanna Celleri"",""Magdalena Gálvez"",""Juan Pablo Vega"",""Vicente Chadwick""]","[""Benchmark"",""Estructura"",""Plan de implementación"",""KPIs"",""Modelo operativo"",""Plan de comunicación"",""Descriptor de cargo"",""Incentivos""]",Sebastián Nuñez,Gerente de Operaciones Cenco Malls Chile,11/4/2024,18/12/2024,,/sites/Proyectos-TheHouse/Documentos compartidos/Cenco malls/CSC06 - Modelo de Gestión de Operaciones 2.0,Josue Meneses,6/26/2025 9:52 AM,8/20/2026 8:21 AM,,Vicente Chadwick,Sofía Figueroa
AAA02,AA02,AAA,Recursos naturales,Eficiencia operacional,"[""Andrés Justiniano"",""Benjamín Díaz""]","[""Benchmark""]",Felipe,CEO,2/4/2025,2/5/2025,"<div class=""ExternalClass7DEA323727B74D3BAD182233ADF11A22"">AAAAAAAAAAAAAAAAAAAAA</div>",/sites/Proyectos-TheHouse/Documentos compartidos/AAA (Pruebas)/AAA02 - Prueba 2,Josue Meneses,7/3/2025 9:16 AM,7/20/2026 11:53 AM,,,
"COLBUN01
",Modelo Organizacional de Expansión,Colbún,Energía,Sistema organizacional,"[""Andrés Justiniano"",""Roberto Ragazzone"",""Sebastián Camus"",""Sebastián Cifuentes"",""Sofía Delano""]","[""Alineamiento ejecutivo"",""Definiciones estratégicas"",""Descriptor de cargo"",""Directorio"",""Estructura"",""Liderazgo"",""Mejores practicas"",""Modelo de gobierno"",""Modelo de talento""]",Heinz Müller,"Gerente de Innovación, Planificación y Nuevos Negocios",6/3/2024,27/7/2024,Diseño modelo organizacional de expansión para el crecimiento internacional en el negocio core (industria eléctrica) y nacional en nuevos negocios (industria del agua),/:f:/s/Proyectos-TheHouse/Eoc63SFByLBLioC5PJ7e7ykBL8Ju95_rXLjH4tFWEK28Lg?e=Nt5pTl,Aldemar  Pinzón,7/4/2025 7:29 AM,7/4/2025 9:11 AM,,,
FAST01,Estrategia al 2030 y Personas,Fundación Astoreca,Educación,Estrategia,"[""Ángela Garafulic"",""José Miguel Sepúlveda"",""Josefina Cruz"",""Juan Pablo Vega"",""Nicolás Díaz""]","[""Focos estratégicos"",""Optimización de procesos"",""Plan de implementación"",""Seguimiento""]",Pelayo Herrera,Director Ejecutivo,2/1/2024,31/1/2024,"Definición de la estrategia consensuando la aspiración y focos estratégicos al 2030. Adicionalmente, se realizó un apoyo para definir los lineamientos del área de Personas y Cultura.",/sites/Proyectos-TheHouse/Documentos compartidos/Fundación Astoreca/FAST01 - Estrategia a 2030 y Personas,Josue Meneses,7/4/2025 7:31 AM,7/23/2026 5:29 PM,,Juan Pablo Vega,
CSC05,Actualizar servicios relacionados con Cencosud,Cencomalls,Inmobiliaria,Mixto,"[""Andrés Mercado"",""José Miguel Sepúlveda"",""Martín Muñoz "",""Nicolás Díaz"",""Tomás Ovalle""]","[""Definiciones estratégicas"",""Diagnostico"",""Eficiencia"",""KPIs"",""Mejores practicas""]",Rodrigo Larraín,Gerente General,15/1/2024,18/3/2024,"Levantamiento a detalle de los servicios relacionados con Cencosud (subservicios, KPIs, costos, drivers).
Definición de modelos de servicio en función del nivel de involucramiento.
Formalización de costos en contratos según recursos dedicados.",/sites/Proyectos-TheHouse/Documentos compartidos/Cencosud Shopping/CSC05 - Actualizar servicios relacionados con Cencosud,Josue Meneses,7/4/2025 7:34 AM,8/9/2026 3:39 PM,,Andrés Mercado,Joaquín López
PARIS07,Transformación de la operación en tienda 2.0,PARIS,Retail,Mixto,"[""Andrés Justiniano"",""Josefina Guridi"",""Loredanna Celleri"",""Martín Muñoz "",""Roberto Ragazzone"",""Nicolás Díaz"",""Tomás Oyarzún""]","[""Alineamiento ejecutivo"",""Benchmark"",""Caso de negocio"",""Derco"",""Iniciativas estratégicas"",""KPIs"",""Mapeo de procesos"",""Modelo operativo"",""Plan de implementación"",""Roadmap"",""Seguimiento""]",Álvaro Figari,Gerente de Operaciones,3/1/2023,18/5/2023,"El proyecto consistió en el levantamiento y priorización de iniciativas en tienda, para impactar en los objetivos estratégicos de Paris: mejorar la experiencia de clientes, aumentar la rentabilidad y potenciar las marcas propias.",/sites/Proyectos-TheHouse/Documentos compartidos/Paris/PARIS07 - Transformación de la operación en tienda 2.0,Josue Meneses,7/4/2025 7:37 AM,7/30/2026 2:40 PM,,Andres Justiniano,
IFCP01,Plan Comercial,Infocap,Non-profit,Mixto,"[""Alberta Cardemil"",""Juan Pablo Vega"",""Sofía Gillet"",""Nicolás Díaz""]","[""Caso de negocio"",""Definiciones estratégicas"",""Diagnostico"",""Plan de negocio"",""Roadmap""]",Manuel Ureta,Director Ejecutivo,25/6/2024,13/9/2024,"Definición de la estrategia consensuando la aspiración y focos estratégicos al 2026. Adicionalmente, se consensuó el relato comunicacional para para comunicar a toda la organización",/sites/Proyectos-TheHouse/Documentos compartidos/Infocap/IFCP01 - Modelo de negocio,Josue Meneses,7/4/2025 7:40 AM,7/27/2026 11:49 AM,,Juan Pablo Vega,Martín Rosenfeld
RVC01,Planificación estratégica RVC,RVC,Inmobiliaria,Estrategia,"[""Ángela Garafulic"",""Francisco Croquevielle"",""José Miguel Sepúlveda"",""Juan Pablo Vega"",""Loredanna Celleri"",""Magdalena Galvez""]","[""Definiciones estratégicas"",""Diagnostico"",""Focos estratégicos"",""Plan de comunicación"",""Plan de implementación"",""Planificación estratégica""]",Rodrigo Ortiz,Gerente General,20/5/2024,19/7/2024,"Definición de la estrategia para RVC para generar valor sostenible y potenciar su posición de liderazgo en la industria y definición de un plan de crecimiento al año 2032, basado en ventajas competitivas y liderazgo del negocio base con un relato único",/sites/Proyectos-TheHouse/Documentos compartidos/RVC/RVC01 - Planificación estratégica,Josue Meneses,7/4/2025 7:42 AM,7/30/2026 2:43 PM,Magdalena Galvez,Francisco Croquevielle,Florencia Santa Cruz
SQM05,Transformación Nitratos Yodo,SQM,Minería,Gestión del cambio,"[""Alejandra Loyola"",""Ángela Garafulic"",""Honorino Landa"",""Josefina Cruz"",""Juan Pablo Vega"",""Roberto Ragazzone"",""Nicolás Díaz"",""Tomás Ovalle""]","[""Agentes de cambio"",""Coaching"",""Comités"",""Cultura organizacional"",""Descriptor de cargo"",""Diagnostico"",""Dinámica de equipo"",""DISC"",""Estructura"",""Evaluación 360°"",""Evaluación de desempeño"",""Levantamiento de agenda"",""Liderazgo"",""Plan de comunicación"",""Plan de gestión del cambio"",""Poblamiento de la estructura"",""Quick wins""]",Pablo Altimiras,Gerente General División Nitratos Yodos,6/5/2023,29/9/2023,"SQM tomó la decisión de separarse en dos empresas, debido a las distintas realidades de los negocios Nitratos Yodo y Litio. TheHouse apoya a SQM por un lado, en la gestión del cambio en la transición a la nueva organización Nitratos Yodo (alineamiento de líderes, comunicación, mitigación de riesgos) y en la preparación de la VP Personas y Cultura",/sites/Proyectos-TheHouse/Documentos compartidos/SQM/SQM05 - Transformación Nitratos Yodo,Josue Meneses,7/4/2025 7:45 AM,7/30/2026 3:47 PM,,Juan Pablo Vega,Florencia Santa Cruz
SQM06,Modelo de gestión integrado Supply Chain,SQM,Minería,Mixto,"[""Alejandra Loyola"",""Andrés Justiniano"",""Felipe Zorzano"",""Gastón Iver"",""Josefina Guridi"",""Magdalena Gálvez"",""Sebastián Camus""]","[""Coaching"",""Benchmark"",""Capacitación"",""Definiciones estratégicas"",""Desarrollo ejecutivo"",""Descriptor de cargo"",""Desvinculación"",""Diagnostico"",""Dinámica de equipo"",""DISC"",""Eficiencia"",""Estructura"",""KPIs"",""Levantamiento de agenda"",""Liderazgo"",""Mapeo de procesos"",""Modelo operativo"",""Plan de comunicación"",""Plan de implementación"",""Poblamiento de la estructura"",""Propósito"",""RACI"",""Seguimiento"",""Socio estratégico""]",Germán Pérez,Gerente Supply Chain,6/8/2023,14/9/2023,"Rediseño del modelo de gestión para la Gerencia de Supply Chain, definiendo roles y responsabilidades (ajustes a la estructura organizacional y eficiencias en dotación), rutinas de coordinación y KPI de gestión para las distintas áreas de la Gerencia",/sites/Proyectos-TheHouse/Documentos compartidos/SQM/SQM06 - Modelo de gestión integrado Supply Chain,Josue Meneses,7/4/2025 7:48 AM,7/30/2026 3:47 PM,Constanza Aguilera,Sebastián Camus Solari,Javier de Petris
SQM08,Impulsando la transformación NY,SQM,Minería,Mixto,"[""Alejandra Loyola"",""Cristina Montes"",""José Miguel Sepúlveda"",""Juan Pablo Vega"",""Magdalena Gálvez"",""Magdalena Llona"",""Roberto Ragazzone"",""Sebastián Cifuentes"",""Sofía Gillet""]","[""Alineamiento ejecutivo"",""Benchmark"",""Bonos"",""Compensaciones"",""Convenios colectivos"",""Definiciones estratégicas"",""Estructura"",""Evaluación 360°"",""Evaluación de desempeño"",""Focos estratégicos"",""Incentivos"",""KPIs"",""Levantamiento de agenda"",""Liderazgo"",""Mapeo de stakeholders"",""Modelo de talento"",""Plan de implementación"",""Prioridades estratégicas"",""Roadmap""]",Pablo Altimiras y Rodrigo Jasen,Gerente General NY y VP Personas y Cultura,18/12/2023,29/3/2024,"Diseñar la agenda del CEO que permita habilitar la transformación de NY y desarrollar temas clave de la VP Personas y Cultura para habilitar a la organización en la transformación (Prioridades y Objetviso 2024, RR.LL., Incentivos, Mapeo de Talento) ",/sites/Proyectos-TheHouse/Documentos compartidos/SQM/SQM08 - Impulsando la transformación NY,Josue Meneses,7/4/2025 7:52 AM,8/10/2026 9:50 AM,Constanza Aguilera,Juan Pablo Vega,Javier de Petris
SQM09,Acuerdo de asociación con Codelco,SQM,Minería,Mixto,"[""Alberta Cardemil"",""Alejandra Loyola"",""Honorino Landa"",""Josefina Guridi"",""Juan Pablo Vega"",""Loredanna Celleri""]","[""Dinámica de equipo"",""Estructura"",""Plan de comunicación"",""Plan de implementación"",""Seguimiento"",""Socio estratégico""]",Hernán Uribe,Gerente de Negocios,31/1/2024,25/4/2024,"Acompañamiento y rol de PMO para concensuar las definiciones requeridas para el Acuerdo de asociación con Codelco. Además, se confeccionó una hoja de ruta 2024 con las actividades requeridas para la habilitación de las definiciones clave
",/sites/Proyectos-TheHouse/Documentos compartidos/SQM/SQM09 - Condiciones y hoja de ruta para el acuerdo con Codelco,Josue Meneses,7/4/2025 7:56 AM,8/7/2026 9:46 AM,Constanza Aguilera,Juan Pablo Vega,Sebastián Camus Solari
SQM10,Definiciones clave para conformación de SQM International Lithium,SQM,Minería,Mixto,"[""Alberta Cardemil"",""Ángela Garafulic"",""Josefina Cruz"",""Roberto Ragazzone"",""Sebastián Camus"",""Nicolás Díaz""]","[""Benchmark"",""Comités"",""Compensaciones"",""Cultura organizacional"",""Definiciones estratégicas"",""Descriptor de cargo"",""Directorio"",""Estructura"",""Modelo de gobierno"",""Onboarding"",""Plan de comunicación"",""Plan de gestión del cambio"",""Poblamiento de la estructura"",""Prioridades estratégicas"",""RACI"",""Reclutamiento"",""Roadmap"",""Socio estratégico""]",Mark Fones,CEO SQM International Lithium,19/2/2024,31/5/2024,Definiciones clave y modelo organizacional para conformación de SQM International Lithium,/sites/Proyectos-TheHouse/Documentos compartidos/SQM/SQM10 - Definiciones clave SQM Blue,Josue Meneses,7/4/2025 7:57 AM,7/30/2026 4:06 PM,Sebastián Camus Solari,Sebastián Camus Solari,
SQM11,La ruta del Propósito,SQM,Minería,Sistema organizacional,"[""Alejandra Loyola"",""Alfonso Undurraga"",""Andrés Mercado"",""Honorino Landa"",""Josefina Cruz"",""Josefina Guridi"",""Magdalena Llona""]","[""Agentes de cambio"",""Alineamiento ejecutivo"",""Comités"",""Cultura organizacional"",""Definiciones estratégicas"",""Plan de comunicación"",""Plan de gestión del cambio"",""Plan de implementación"",""Propósito""]",Pablo Altimiras,Gerente General,18/4/2024,22/8/2024,"Definición y comunicación del propósito y valores de SQM YNV mediante un proceso participativo y global de los equipos de la compañía. El objetivo final fue alinear a la organización bajo un propósito común, que la preparase para los desafíos futuros.
",/sites/Proyectos-TheHouse/Documentos compartidos/SQM/SQM11 - Propósito y valores,Josue Meneses,7/4/2025 8:49 AM,8/20/2026 7:16 AM,Constanza Aguilera,Andrés Mercado,Florencia Santa Cruz
SQM12,Relacionamiento Gerencia de Finanzas Litio Salar,SQM,Recursos naturales,Mixto,"[""Alejandra Loyola"",""Francisco Croquevielle"",""Loredanna Celleri"",""Matías González"",""Sebastián Camus""]","[""Alineamiento ejecutivo"",""Ciclo de gobierno"",""Comités"",""Definiciones estratégicas"",""Diagnostico"",""Directorio"",""Implementación de sistemas"",""Liderazgo"",""Mapeo de procesos"",""Mapeo de stakeholders"",""Mejores practicas"",""Modelo de gobierno"",""Plan de implementación"",""RACI"",""Seguimiento""]",Macarena Briseño,Gerente Contraloría y Gestión,7/8/2024,26/8/2024,Formalización del relacionamiento de la Gerencia de Finanzas SQM Litio Salar,/sites/Proyectos-TheHouse/Documentos compartidos/SQM/SQM12 - Modelo de relacionamiento SQM Finanzas,Josue Meneses,7/4/2025 8:52 AM,7/30/2026 3:57 PM,Francisco Croquevielle,Francisco Croquevielle,
SQM13,Talento y Desempeño,SQM,Minería,Sistema organizacional,"[""Alejandra Loyola"",""Cristina Montes"",""Josefina Cruz"",""Sebastián Cifuentes"",""Vicente Chadwick""]","[""Evaluación 360°"",""Evaluación de desempeño"",""Modelo de talento""]",Ignacio Neira,Gerente Cultura y Desarrollo Organizacional,22/7/2024,21/10/2024,"Desarrollo en conjunto con la VP de Personas y Cultura para definir el ciclo de Talento dentro de NY, realizar un mapeo de la 3ra línea y entregar herramientas para apoyar el proceso de retroalimentación",/sites/Proyectos-TheHouse/Documentos compartidos/SQM/SQM13 - Talento y Desempeño,Josue Meneses,7/4/2025 8:55 AM,7/30/2026 3:59 PM,,Vicente Chadwick,
SQM14,Modelo de Gestión VP de Finanzas Int. Lithium,SQM,Minería,Mixto,"[""Alfonso Undurraga"",""Benjamín Matte"",""Francisco Croquevielle"",""José Miguel Sepúlveda"",""Loredanna Celleri"",""Matías González""]","[""Alineamiento ejecutivo"",""Benchmark"",""Comités"",""Desarrollo ejecutivo"",""Diagnostico"",""Eficiencia"",""Estructura"",""Implementación de sistemas"",""KPIs"",""Mapeo de procesos"",""Mejores practicas"",""Modelo operativo"",""Plan de implementación"",""Poblamiento de la estructura"",""Roadmap""]",Álvaro Araya,VP de Finanzas SQM Int. Lithium,9/9/2024,10/11/2024,"Desarrollo y ajustes al modelo de gestión de la VP de Finanzas mapeando y diseñando procesos clave de la Gerencia, detallando servicios a recibir mediante TSA y definiendo la estrcutura organizacional base, y el roadmap al 2025",/sites/Proyectos-TheHouse/Documentos compartidos/SQM/SQM14 - Modelo de gestión VP Finanzas Int. Lithium,Josue Meneses,7/4/2025 8:57 AM,7/30/2026 3:59 PM,Francisco Croquevielle,Francisco Croquevielle,
CMPC04,Diseño Organizacional Oficinas Internacionales,CMPC,Recursos naturales,Mixto,"[""Andrés Justiniano"",""Ángela Garafulic"",""Honorino Landa"",""Magdalena Llona"",""Pablo Murillo"",""Sebastián Camus"",""Sebastián Cifuentes"",""Sofía Gillet""]","[""Alineamiento ejecutivo"",""Definiciones estratégicas"",""Descriptor de cargo"",""Directorio"",""Estructura"",""KPIs"",""Modelo de gobierno"",""Modelo operativo"",""Plan de comunicación"",""Plan de gestión del cambio"",""Plan de implementación"",""Prioridades estratégicas"",""Quick wins"",""RACI"",""Roadmap"",""Seguimiento""]",Constanza Arjona,Gerente Supply Chain Celulosa,11/7/2023,17/5/2024,Diseño e implementación del nuevo modelo operativo de las Oficinas Internacionales de CMPC,/sites/Proyectos-TheHouse/Documentos compartidos/CMPC/CMPC04 - Diseño organizacional oficinas internacionales,Josue Meneses,7/4/2025 9:00 AM,7/23/2026 8:04 AM,Pablo Murillo,Sebastián Camus Solari,
CMPC05,Metodología para el diseño de modelos operativos,CMPC,Recursos naturales,Mixto,"[""Alejandra Loyola"",""Benjamín Matte"",""Cristina Montes"",""Pablo Murillo"",""Sofía Gillet""]","[""Capacitación"",""Diagnostico"",""Estructura"",""KPIs"",""Mapeo de procesos"",""Mejores practicas"",""Modelo operativo"",""RACI"",""Roadmap""]",Florencia Iglesias y María José Valenzuela,Gerente P&O y Gerente Talento y Cultura,6/3/2024,7/11/2024,Desarrollar una metodología común para el diseño de Modelos Operativos CMPC y un diagnóstico y priorización de sistemas o áreas a intervenir,/sites/Proyectos-TheHouse/Documentos compartidos/CMPC/CMPC05 - Metodología para el diseño de modelos operativos en CMPC,Josue Meneses,7/4/2025 9:04 AM,8/20/2026 8:21 AM,Benjamin Matte,Benjamin Matte,Sofía Figueroa
CMPC06,Plan de Competitividad 2030 Para Bosques Chile,CMPC,Recursos naturales,Eficiencia operacional,"[""Alberta Cardemil"",""Alejandra Loyola"",""Andrés Mercado"",""Honorino Landa"",""José Miguel Sepúlveda"",""Roberto Ragazzone"",""Sebastián Camus"",""Nicolás Díaz""]","[""Benchmark"",""Definiciones estratégicas"",""Eficiencia"",""Iniciativas estratégicas"",""Integración"",""KPIs"",""Modelo de gobierno""]",Felipe Alcalde,Gerente de innovación,25/7/2024,10/10/2024,"Assessment de competitividad de Bosques Chile y definición de del máximo potencial, y estructuración del Plan de Competitividad mediante el diseño de un roadmap integrado con iniciativas y un sistema de seguimiento",/sites/Proyectos-TheHouse/Documentos compartidos/CMPC/CMPC06 - Plan de Competitividad 2030,Josue Meneses,7/4/2025 9:07 AM,7/23/2026 9:35 AM,Vicente Chadwick,Andrés Mercado,
CMPC07,Digital project for variable expense in United States,CMPC,Recursos naturales,Mixto,"[""Alfonso Undurraga"",""Sofía Delano""]","[""Caso de negocio""]",Alejandra Pavón,International Offices Manager,8/6/2024,1/10/2024,"Análisis de la variabilidad de los gastos variables de las distintas etapas de la cadena logística en Estados Unidos, mediante la extracción de datos de facturas con foco en las etapas de transporte. ",/sites/Proyectos-TheHouse/Documentos compartidos/CMPC/CMPC07 - Predictive machine learning model,Josue Meneses,7/4/2025 9:07 AM,7/23/2026 8:06 AM,,Alfonso Undurraga Bordeu,
CSC07,Implementación modelo de gestión de Operaciones 2.0,Cenco Malls,Retail,Eficiencia operacional,"[""Ángela Garafulic"",""Josefina Cruz"",""Benjamín Matte"",""Matías González"",""Nicolás Díaz""]","[""Productividad"",""Plan de implementación"",""Agentes de cambio"",""Seguimiento"",""Modelo operativo""]",Roberto Petersen,Gerente Operaciones Chile,21/4/2025,7/11/2025,Se implemento un modelo de gestión en 12 centros comerciales en Chile,/sites/Proyectos-TheHouse/Documentos compartidos/Cenco malls/CSC07 - Implementación Modelo de Gestión,Josue Meneses,10/7/2025 7:33 AM,7/23/2026 9:32 AM,,Benjamin Matte,
MSB01,Diseño Modelo Operativo A+ Minera Salar Blanco,Minera Salar Blanco S.A.,Minería,Sistema organizacional,"[""Alfonso Undurraga"",""Josefina Cruz"",""Matías González"",""Vicente Chadwick"",""Tomás Concha"",""Elisa Robinson"",""Andrés Mercado""]","[""Modelo operativo"",""Alineamiento ejecutivo"",""Estructura"",""Plan de implementación"",""Ciclo de gobierno"",""Descriptor de cargo"",""Equipos de alto desempeño"",""RACI"",""Mapeo de procesos"",""Taller de aprendizajes""]",Felipe Kilian,Gerente General,28/7/2025,29/10/2025,"Definición de principales funciones, macroprocesos y estructura crítica a para abordar los desafíos de MSB al 2026-2027",/sites/Proyectos-TheHouse/Documentos compartidos/Minera Salar Blanco/MSB01 - Diseño Modelo Operativo A+,Josue Meneses,10/7/2025 1:13 PM,8/11/2026 1:05 PM,Vicente Chadwick,Elisa  Robinson,Gerardo Boetsch
PAR04,Modelo de Abastecimiento Corporativo,Parque Arauco,Retail,Eficiencia operacional,"[""Juan Pablo Vega"",""Elisa Robinson"",""Vicente Chadwick"",""Sebastián Cifuentes"",""Alfonso Undurraga"",""José Miguel Sepúlveda""]","[""KPIs"",""Plan de gestión del cambio"",""Plan de comunicación"",""Modelo operativo"",""Diagnostico"",""Optimización de procesos"",""Descriptor de cargo"",""RACI"",""Mapeo de procesos"",""Eficiencia"",""Estructura"",""Benchmark"",""Caso de negocio"",""Plan de implementación""]",Sonia Rossel,Subgerente Gestión de Proveedores Parque Arauco,5/12/2025,12/3/2025,"Rediseño del Modelo de Abastecimiento en Parque Arauco.
El proyecto contempla la implementación de nuevas rutinas y la modificación de las existentes; la reestructuración de la Gerencia de Abastecimiento, incluyendo la redefinición de roles y responsabilidades; y el desarrollo de un plan de comunicación y gestión del cambio.",/sites/Proyectos-TheHouse/Documentos compartidos/Parque Arauco/PAR04 - Modelo de Abastecimiento Corporativo,Josue Meneses,10/8/2025 7:03 AM,8/5/2026 10:08 AM,Elisa  Robinson,Elisa  Robinson,Juan Pablo Vega
RIO01,RIO01 - Roadmap for Rio Tinto Chile's Growth,Rio Tinto,Minería,Sistema organizacional,"[""Alejandra Loyola"",""José Miguel Sepúlveda"",""Mariana Hernández"",""Matías González"",""Pablo Murillo"",""Andrés Mercado"",""Benjamín Matte"",""Sofía Delano"",""Javier de Petris""]","[""Estructura"",""Roadmap"",""RACI"",""Modelo operativo"",""Comités"",""Plan de implementación"",""Diagnostico""]",Soledad Jeria,Country Head,7/2/2025,26/9/2025,"El proyecto busca evaluar el estado actual de las alianzas tempranas de Rio Tinto en Chile, identificando riesgos, requerimientos futuros y capacidades existentes. Además, analiza las implicancias de los acuerdos con socios estatales para la gestión de las JV, define roles y responsabilidades clave para el desarrollo de los proyectos y propone planes de transición para cada función",/sites/Proyectos-TheHouse/Documentos compartidos/Rio Tinto/RIO01 - Roadmap for Rio Tinto Chile’s Growth,Josue Meneses,10/8/2025 11:15 AM,8/10/2026 6:14 PM,Andrés Mercado,Javier de Petris,Javier de Petris
FK01,FK01 - Planificación estratégica,Fundación Kennedy,Non-profit,Estrategia,"[""Nicolás Díaz"",""Matías González"",""Sebastián Camus"",""Benjamín Matte"",""Javier de Petris""]","[""Benchmark"",""Roadmap"",""Prioridades estratégicas"",""Mapeo de stakeholders"",""Mapeo de procesos"",""Engagement"",""Planificación estratégica""]",Maria Jose Dominguez,Directora Ejecutiva,15/4/2025,29/7/2025,"Planificación estratégica para el non-profit Fundación Kennedy, iniciando con un assessment estratégico y culminando con definiciones estratégicas y una hoja de ruta al 2030",/sites/Proyectos-TheHouse/Documentos compartidos/Fundación Kennedy - Humedales/FK01 - Planificación estratégica,Josue Meneses,10/8/2025 4:09 PM,7/23/2026 6:26 PM,Vicente Chadwick,Javier de Petris,
MCI01,Operating Model and Governance for the Marimaca Project,Mitsubishi,Minería,Sistema organizacional,"[""Miguel Mondaca"",""Honorino Landa"",""Alfonso Undurraga"",""Nicolás Díaz"",""Sebastián Cifuentes"",""José Miguel Sepúlveda"",""Sofía Gillet"",""Sofía Delano"",""Mijael Thiele""]","[""Estructura"",""Roadmap"",""Benchmark"",""Cultura organizacional"",""Plan de implementación"",""Comités"",""KPIs"",""Modelo operativo"",""Diagnostico"",""Ciclo de gobierno"",""Propósito"",""Descriptor de cargo"",""Modelo de gobierno"",""Directorio""]",Ángel Milano,Gerente General MCI,6/1/2025,18/3/2025,"Diseño del Modelo Operativo y Gobernanza para una futura organización (JV) de Mitsubishi, el cuál buscaba operar el futuro yacimiento ""Marimaca""",/sites/Proyectos-TheHouse/Documentos compartidos/Mitsubishi/MCI01 - Operating Model and Governance for the Marimaca Project,Josue Meneses,10/9/2025 6:29 AM,7/23/2026 6:05 PM,,Miguel Mondaca,
SQM15,SQM15 - Definición de estándares corporativos,SQM,Minería,Sistema organizacional,"[""Alejandra Loyola"",""Ángela Garafulic"",""José Miguel Sepúlveda"",""Josefina Cruz"",""Loredanna Celleri"",""Matías González"",""Nicolás Díaz"",""Tomás Álvarez""]","[""Benchmark"",""Estructura"",""Plan de implementación"",""Comités"",""Modelo operativo"",""Diagnostico"",""Ciclo de gobierno"",""Derco"",""Asuntos corporativos"",""Mapeo de procesos""]",Gerardo Illanes,CFO SQM Corporativo,25/11/2024,31/1/2025,,/sites/Proyectos-TheHouse/Documentos compartidos/SQM/SQM15 - Estándares corporativos de gestión,Josue Meneses,10/16/2025 6:34 AM,7/30/2026 3:19 PM,,Jose Miguel Sepúlveda Donoso,
FALP01,Sistema de Gobierno FALP,Fundación Arturo López Pérez (FALP),Salud,Sistema organizacional,"[""Alejandra Loyola"",""Honorino Landa"",""Tomás Álvarez"",""Josefa Arias""]","[""Benchmark"",""Comités"",""Diagnostico"",""Ciclo de gobierno"",""Modelo de gobierno"",""Directorio"",""RACI""]",Rolando Medeiros,Presidente del Directorio,24/6/2025,5/8/2025,,/sites/Proyectos-TheHouse/Documentos compartidos/Fundación Arturo López Pérez (FALP)/FALP01 - Sistema de gobierno Fundación Arturo López Pérez,Josue Meneses,10/16/2025 7:02 AM,7/24/2026 12:53 PM,,Josefa  Arias,Florencia Santa Cruz
FAS01,FAS01 - Eficiencia Organizacional,Forestal Atlántico Sur (FAS),Recursos naturales,Eficiencia operacional,"[""Alejandra Loyola"",""Pablo Murillo"",""Honorino Landa"",""Sebastián Camus"",""Tomás Álvarez""]","[""Benchmark"",""Estructura"",""Eficiencia"",""Diagnostico"",""Compensaciones"",""Incentivos""]",Nelson Ledesma - Pedro Aramendía,Gerente General - Managing Director,2/6/2025,19/10/2025,,/sites/Proyectos-TheHouse/Documentos compartidos/Forestal Atlántico Sur/FAS01 - Eficiencia organizacional,Josue Meneses,10/16/2025 8:52 AM,7/23/2026 6:28 PM,Vicente Chadwick,Sebastián Camus Solari,
COL09,Presentación estratégica Jorge Gómez,Collahuasi,Minería,Estrategia,"[""Honorino Landa"",""Sebastián Camus""]","[""Planificación estratégica"",""Benchmark"",""Alineamiento ejecutivo"",""Propósito""]",Jorge Gómez,Gerente General,8/1/2024,19/1/2024,"Apoyo en presentación para jornada estratégica de Collahuasi, incluyendo contexto y dinámica de propósito",/sites/Proyectos-TheHouse/Documentos compartidos/Collahuasi/COL09 - Presentación estratégica J. Gómez,Josue Meneses,10/16/2025 4:19 PM,7/23/2026 7:10 AM,Sebastián Camus Solari,Sebastián Camus Solari,
MITTA01,MITTA01 - Estrategia de Crecimiento MITTA 2025-2030,MITTA,,Estrategia,"[""Alejandra Loyola"",""José Miguel Sepúlveda"",""Andrés Justiniano"",""Nicolás Díaz"",""Francisco Croquevielle"",""Tomás Álvarez"",""Sebastián Cifuentes""]","[""Estructura"",""Prioridades estratégicas"",""Plan de implementación"",""Diagnostico"",""Focos estratégicos"",""Iniciativas estratégicas"",""Planificación estratégica"",""Descriptor de cargo"",""Adyacencias"",""Negocio base"",""Poblamiento de la estructura""]",Ignacio Correa,Gerente General,18/8/2025,17/10/2025,,/sites/Proyectos-TheHouse/Documentos compartidos/MITTA/MITTA01 - Planificación Estratégica,Josue Meneses,10/17/2025 12:49 PM,8/11/2026 2:40 PM,Consuelo Moreno,Francisco Croquevielle,Martín Rosenfeld
FSM01,Planificación estratégica a 2030 Fundación Soymás,Fundación Soymás,Educación,Estrategia,"[""Mariana Hernández"",""Josefa Arias""]","[""Prioridades estratégicas"",""Definiciones estratégicas"",""Focos estratégicos"",""Iniciativas estratégicas"",""Planificación estratégica""]",Bárbara Etcheberry y Catalina Diez,Directora & CFO,,,,/sites/Proyectos-TheHouse/Documentos compartidos/Fundación Soymás/FSM01 - Planificación estratégica,Josue Meneses,10/22/2025 10:50 AM,8/9/2026 7:02 PM,Vicente Chadwick,Josefa  Arias,Andres Justiniano
IFCP02,Jornada estratégica Infocap,Infocap,Non-profit,Estrategia,"[""Alejandra Loyola"",""Nicolás Díaz"",""Juan Pablo Vega"",""José Miguel Sepúlveda"",""Constanza Aguilera""]","[""Prioridades estratégicas"",""Diagnostico"",""Definiciones estratégicas"",""Focos estratégicos"",""Planificación estratégica"",""Dinámica de equipo"",""Directorio""]",Manuel Ureta,Director Ejecutivo Infocap,29/9/2025,23/10/2025,"Planificación estratégica para el non-profit Infocap, iniciando con un assessment estratégico y culminando con definiciones estratégicas y los principales hitos para los focos estratégicos 2026",/sites/Proyectos-TheHouse/Documentos compartidos/Infocap/IFCP02 - Taller estratégico,Josue Meneses,10/28/2025 5:24 AM,7/23/2026 6:22 PM,Vicente Chadwick,Constanza Aguilera,
LUN01,Evaluación y optimización de procesos de Planificación Financiera,Lundin Mining,Minería,Sistema organizacional,"[""Alejandra Loyola"",""Alfonso Undurraga"",""Nicolás Díaz"",""Sebastián Camus"",""Tomás Álvarez"",""Javier de Petris"",""José Miguel Sepúlveda""]","[""Estructura"",""Plan de implementación"",""Modelo operativo"",""Diagnostico"",""Socio estratégico"",""Descriptor de cargo"",""Optimización de procesos"",""Mapeo de procesos"",""Alineamiento ejecutivo""]",Juan Andrés Morel/ Rodrigo Carrño,Vicepresidente Ejecutivo & COO/ Director Regional,11/3/2025,12/4/2025,,/sites/Proyectos-TheHouse/Documentos compartidos/Lundin Mining/LUN01 - Evaluación y ajuste procesos Planificación Financiera,Josue Meneses,12/4/2025 5:32 AM,7/28/2026 2:16 PM,Vicente Chadwick,Javier de Petris,Benjamin Matte
COPEC01,Planificación estratégica Gerencia Divisional Comercial y Operaciones,Copec,Recursos naturales,Estrategia,"[""José Miguel Sepúlveda"",""Andrés Justiniano"",""Pablo Murillo"",""Andrés Mercado"",""Constanza Aguilera""]","[""Roadmap"",""Prioridades estratégicas"",""Plan de implementación"",""Seguimiento"",""Diagnostico"",""Definiciones estratégicas"",""Focos estratégicos"",""Iniciativas estratégicas"",""Planificación estratégica"",""Adyacencias"",""Negocio base""]",Pilar Larraín; Felipe Carpentier; José Ignacio Depassier,Líder de Planificación Estratégica Gerencia Comercial; Gerente Planificación Comercial; Gerente Divisional Comercial y Operaciones Chile,20/11/2025,24/12/2025,"Se trabajó en la planificación estratégica de la Gerencia Divisional Comercial y Operaciones. Se analizó el contexto actual de Copec, la robustez del negocio base, sus adyacencias actuales. Además. se definieron sus focos estratégicos, iniciativas e hitos clave, para luego construir la hoja de ruta consolidada. Por último, se definió el sistema de seguimiento para la implementación.
",/sites/Proyectos-TheHouse/Documentos compartidos/Copec/COPEC01 - Planificación estratégica Gerencia Div. Comercial y Op,Josue Meneses,12/24/2025 7:03 AM,8/18/2026 2:37 PM,Vicente Chadwick,Constanza Aguilera,Pablo Murillo
SOICHI01,Planificación Estratégica Soichi Holding,Soichi Holding,Consumo masivo,Estrategia,"[""Andrés Justiniano"",""Josefina Guridi"",""Andrés Mercado"",""Simón Merino"",""Joaquín Cerda""]","[""Alineamiento ejecutivo"",""Roadmap"",""Plan de implementación"",""Diagnostico"",""Planificación estratégica"",""Posicionamiento estratégico"",""Modelo de gobierno"",""Directorio"",""Adyacencias"",""Negocio base""]",Ricardo Ikeda Campos; Susana Ikeda Arismendi,Presidente ejecutivo Directorio Soichi Holding; Director Soichi Holding,20/8/2025,6/11/2025,"Se trabajó en la definición de una hoja de ruta para Soichi Holding al 2030, orientada a capturar oportunidades estratégicas de crecimiento. Se consensuaron los lineamientos estratégicos del rol del holding, se evaluó su posicionamiento estratégico, y se definió la estrategia de crecimiento 2025-2030 y su plan de implementación",/sites/Proyectos-TheHouse/Documentos compartidos/Soichi Holding/SOICHI01 - Planificación Estratégica,Josue Meneses,1/5/2026 5:19 AM,8/20/2026 7:16 AM,,Joaquín Cerda,Martín Rosenfeld
ACHS01,Apoyo en el seguimiento de la implementación y gestión del cambio,Achs,Salud,Gestión del cambio,"[""Elisa Robinson"",""Andrés Justiniano""]","[""Alineamiento ejecutivo"",""Roadmap"",""Agentes de cambio"",""Mapeo de stakeholders"",""Plan de gestión del cambio"",""Seguimiento"",""Encuesta de clima""]",Rodrigo de la Calle,Gerente División Desarrollo de Producto y Estrategia Digital,27/10/2025,30/1/2026,"Consolidación del roadmap de implementación del cambio de mutualidad en Cencosud​. 
Seguimiento al plan de implementación​
Diseño e implementación de un plan de comunicación y gestión del cambio
",/sites/Proyectos-TheHouse/Documentos compartidos/Achs/ACHS01 - Apoyo en el seguimiento de la implementación y gestión del cambio,Josue Meneses,2/4/2026 9:49 AM,8/4/2026 1:52 PM,,,Javier de Petris
AMCL02,Jornada Estratégica 2026,AmCham Chile,Servicios financieros,Estrategia,"[""Alfonso Undurraga"",""Sebastián Camus"",""Josefina Cruz""]","[""Directorio"",""Focos estratégicos"",""Definiciones estratégicas""]",Paula Estévez,Gerente General,25/11/2025,1/10/2026,Desarrollo de assessment estartégico y de Jornada Esratégica para diseñar hoja de ruta 2026,/sites/Proyectos-TheHouse/Documentos compartidos/AmCham/AMCL02 - Jornada estratégica AmCham 2026,Josue Meneses,2/16/2026 6:50 PM,8/20/2026 1:51 PM,,,Javier de Petris
CAS02,Diseño del Modelo de Gestión de Proyectos e Iniciativas,Clínica Alemana,Salud,Sistema organizacional,"[""Alejandra Loyola"",""Loredanna Celleri"",""Juan Pablo Vega"",""Sofía Delano"",""Tomás Álvarez""]","[""Benchmark"",""Estructura"",""Comités"",""Modelo operativo"",""Descriptor de cargo""]",Mathias Anwandter,Gerente de Administración y Finanzas,12/1/2026,3/3/2026,,/sites/Proyectos-TheHouse/Documentos compartidos/Clínica Alemana/CAS02 - Modelo de gestión de proyectos,Josue Meneses,3/3/2026 11:09 AM,7/23/2026 10:06 AM,Vicente Chadwick,Juan Pablo Vega,
Azerta01,Planificación estratégica Azerta,Azerta,Comunicaciones,Estrategia,"[""Andrés Justiniano"",""Josefina Guridi"",""Bernardita Lea-Plaza"",""Benjamín Matte""]","[""Roadmap"",""Prioridades estratégicas"",""Plan de implementación"",""Eficiencia"",""Definiciones estratégicas"",""Focos estratégicos"",""Iniciativas estratégicas"",""Planificación estratégica""]",Cristina Bitar y Felipe Edwards,Socios,2/2/2026,3/6/2026,Se trabajó en el análisis de la situación actual de Azerta y de su modelo de servicios profesionales; se definió la aspiración estratégica al 2028 junto con los focos estratégicos y sus principales iniciativas; y se diseñó una hoja de ruta consolidada con hitos clave y un relato comunicacional para su implementación,/sites/Proyectos-TheHouse/Documentos compartidos/Azerta/Azerta01,Josue Meneses,3/9/2026 6:09 AM,8/20/2026 7:16 AM,Bernardita Lea Plaza,Benjamin Matte,Florencia Santa Cruz
MSB02,Estrategia MSB 2032 y ciclo de relacionamiento con accionistas,Minera Salar Blanco S.A.,Minería,Estrategia,"[""Alfonso Undurraga"",""Mariana Hernández"",""Sebastián Cifuentes"",""Pablo Murillo"",""Simón Merino"",""Francisco Croquevielle"",""Joaquín Cerda"",""Vicente Chadwick""]","[""Roadmap"",""Plan de implementación"",""Mapeo de stakeholders"",""Focos estratégicos""]","Felipe Kilian, Pablo Rodríguez","Gerente General, Gerente de Administración y Finanzas",5/1/2026,19/3/2026,Definición de estrategia de MSB para el 2032 y construcción del ciclo de relacionamiento con accionistas,/sites/Proyectos-TheHouse/Documentos compartidos/Minera Salar Blanco/MSB02 - Planificación Estrategia 2032 y ciclo de relacionamiento con accionistas,Josue Meneses,3/31/2026 2:06 PM,7/28/2026 1:49 PM,Vicente Chadwick,Joaquín Cerda,Bernardita Lea Plaza
GEI04,Modelo organizacional para el crecimiento en Perú,Grupo Echeverría Izquierdo,Inmobiliaria,Sistema organizacional,"[""Loredanna Celleri"",""Juan Pablo Vega"",""Miguel Mondaca"",""Sofía Delano""]","[""Estructura"",""Plan de implementación"",""Comités"",""Plan de gestión del cambio"",""Modelo operativo"",""Descriptor de cargo"",""RACI"",""Modelo de gobierno""]",Rodrigo Sánchez,Gerente de Innovación y Transformación Digital,1/1/2026,4/7/2026,"Diseño del modelo organzacional (capacidades, estructura organizacional y gobernanza) para el crecimiento de sus negocios en Perú",/sites/Proyectos-TheHouse/Documentos compartidos/Grupo Echeverría Izquierdo/GEI04 - Modelo organizacional de crecimiento Perú,Josue Meneses,4/6/2026 3:34 PM,8/3/2026 6:41 AM,Vicente Chadwick,Miguel Mondaca,Miguel Mondaca
MAP02,,,,,,,,,,,,/sites/Proyectos-TheHouse/Documentos compartidos/Proyectos probono/MAP02 - Museo de Arte Precolombino,Josue Meneses,5/11/2026 10:03 AM,7/20/2026 8:10 AM,Vicente Chadwick,,
CMPC13,Apoyo Gerencia de Talento,CMPC,Recursos naturales,Estrategia,"[""Andrés Justiniano"",""Sebastián Cifuentes"",""Vicente Chadwick""]","[""Prioridades estratégicas"",""Definiciones estratégicas"",""Mapeo de procesos"",""Optimización de procesos"",""Alineamiento ejecutivo"",""Modelo operativo"",""Quick wins"",""RACI"",""Evaluación de desempeño""]",Daniela Rosas,Gerente de Talento,9/2/2026,5/8/2026,"1) Definiciones estrategicas Gerencia de Talento
2) Rediseño de procesos: Evaluación de Desempeño, Mapeo de Talento y Sucesión, y definiciones de gobernanza
3) Diseño de metodología e identificación de cargos críticos",/sites/Proyectos-TheHouse/Documentos compartidos/CMPC/CMPC13 - Apoyo Gerencia de Talento,Josue Meneses,5/13/2026 6:09 AM,7/24/2026 2:11 PM,Sebastián Cifuentes,Vicente Chadwick,Sebastián Cifuentes
CMPC14,Definiciones Estratégicas AA.CC. y Fundación CMPC,CMPC,Recursos naturales,Estrategia,"[""Andrés Justiniano"",""Sebastián Cifuentes"",""Simón Merino"",""Elisa Robinson"",""Fernanda Galilea"",""Gerardo Boetsch""]","[""Definiciones estratégicas"",""Alineamiento ejecutivo"",""Diagnostico""]",Augusto Robert,VP AA.CC. y Sostenibilidad,22/5/2026,17/8/2026,"1. Definiciones estratégicas y despliegue territorial VP AA.CC.
2. Definición y caracterización de territorios estratégicos de CMPC, junto a planes de acción
3. Revisión de estrategia Fundación CMPC",/sites/Proyectos-TheHouse/Documentos compartidos/CMPC/CMPC14 - Revisión definiciones estratégicas AACC y Fundación CMPC,Josue Meneses,5/18/2026 6:16 AM,8/19/2026 1:16 PM,Andres Justiniano,Sebastián Cifuentes,Simón Merino
MAR01,Sin nombre,Sin cliente,Minería,Estrategia,"[""Juan Pablo Vega"",""Pablo Murillo"",""Tomás Concha"",""Miguel Mondaca"",""Alejandra Loyola"",""José Miguel Sepúlveda""]","[""Benchmark"",""Bonos"",""KPIs"",""Diagnostico"",""Reclutamiento"",""Compensaciones"",""Incentivos""]",Sin contraparte,Country Manager y CFO,25/5/2026,3/7/2026,Sin resumen,/sites/Proyectos-TheHouse/Documentos compartidos/Marimaca/MAR01 - Organización y Workforce Readiness para el Proyecto Marimaca,Josue Meneses,5/25/2026 6:17 AM,8/7/2026 11:39 AM,Vicente Chadwick,Miguel Mondaca,Tomás  Concha
AAA001,AAA001,AAA,Retail,Estrategia,"[""Alessandra"",""Andrés Justiniano"",""Benjamín Díaz""]","[""Alineamiento ejecutivo"",""Roadmap"",""Estructura""]",A,CEO,12/6/2024,31/1/2025,"<div class=""ExternalClass0B6EF134F3F748218F8FEC46E80CCF09""><div class=""ExternalClass322A463904FB42E59B1C2F9305BA6DA4"" style=""font-family&#58;Calibri, Arial, Helvetica, sans-serif;font-size&#58;11pt;color&#58;rgb(0, 0, 0);""><br></div></div><p><br></p><p><br></p>",/sites/Proyectos-TheHouse/Documentos compartidos/AAA (Pruebas)/AAA001 - Prueba 1,Josue Meneses,5/28/2026 9:33 AM,7/20/2026 1:15 PM,,,Martín Rosenfeld
TEST,aaa04,hhh,Non-profit,,"[""Andrés Justiniano"",""Vicente Loyola""]","[""Alineamiento ejecutivo"",""Estructura""]",m,,,,,/sites/Proyectos-TheHouse/Documentos compartidos/AAA (Pruebas)/TEST,Josue Meneses,5/28/2026 9:35 AM,7/20/2026 1:15 PM,,,Martín Rosenfeld
AMCL03,,,,,,,,,,,,/sites/Proyectos-TheHouse/Documentos compartidos/AmCham/AMCL03 - Jornada Estratégica Administración 2026,Josue Meneses,5/29/2026 9:45 AM,5/29/2026 9:45 AM,,,
BHP18,,,,,,,,,,,,/sites/Proyectos-TheHouse/Documentos compartidos/BHP/BHP18 - Modelo Operativo Innovation Technology,Josue Meneses,5/29/2026 9:49 AM,8/19/2026 11:47 AM,,,Joaquín Cerda
BHP19,BHP Global Leaching Strategy,BHP,Recursos naturales,Estrategia,"[""Mariana Hernández"",""Sebastián Camus"",""Josefina Guridi"",""Andrés Mercado"",""Sofía Delano"",""Martín Rosenfeld""]","[""Roadmap"",""Definiciones estratégicas"",""Focos estratégicos"",""Iniciativas estratégicas"",""Planificación estratégica""]",Maki Ikeda,Head of Innovation Projects - Growth,2/2/2026,6/11/2026,"Definir la estrategia global de lixiviación de cobre de BHP y traducirla en la hoja de ruta para implementarla, cubriendo la aspiración a 2037, focos estratégicos, iniciativas estratégicas, la cuantificación de impacto y el diseño del plan de implementación",/sites/Proyectos-TheHouse/Documentos compartidos/BHP/BHP19 - Leaching Strategy,Josue Meneses,5/29/2026 9:49 AM,7/23/2026 10:08 AM,Vicente Chadwick,Martín Rosenfeld,Joaquín López
CAS01,Definiciones estratégicas de innovación en Clínica Alemana,Clínica Alemana,Salud,Estrategia,"[""Francisco Croquevielle"",""Josefina Guridi"",""Cristina Montes"",""Alfonso Undurraga""]","[""Alineamiento ejecutivo"",""KPIs"",""Modelo operativo"",""Definiciones estratégicas"",""Incentivos"",""Comités"",""Estructura""]",Loreto Bezamat,,,,,/sites/Proyectos-TheHouse/Documentos compartidos/Clínica Alemana/CAS01 - Definiciones estratégicas de Innovación,Josue Meneses,5/29/2026 9:52 AM,8/20/2026 7:16 AM,Vicente Chadwick,Francisco Croquevielle,Florencia Santa Cruz
CMPC08,,,,,,,,,,,,/sites/Proyectos-TheHouse/Documentos compartidos/CMPC/CMPC08 - Talleres estratégicos Gerencia P&O,Josue Meneses,5/29/2026 9:55 AM,7/20/2026 7:27 AM,Francisco Croquevielle,,
CMPC12,Definiciones estratégicas y apoyo implementación MO Planificación Maderas,CMPC,Recursos naturales,Estrategia,"[""Andrés Justiniano"",""Magdalena Gálvez"",""Sebastián Camus"",""Francisco Croquevielle""]","[""Modelo operativo"",""Definiciones estratégicas"",""Estructura"",""Diagnostico""]",Juan Pablo Pereira,Gerente Negocios Maderas,5/5/2025,,"<div class=""ExternalClassECD31E2D02A3416590ACE04036BF1749""><div>1) Definiciones estrategicas Niuform 2) Plan Operativización Estrategia 3) Apoyo implementación MO 4)<span style=""text-align&#58;inherit;"">&#160;Alcance áreas clave</span></div></div>",/sites/Proyectos-TheHouse/Documentos compartidos/CMPC/CMPC12 - Definiciones estratégicas y apoyo implementación MO planificación Maderas,Josue Meneses,5/29/2026 9:56 AM,8/9/2026 3:41 PM,Francisco Croquevielle,Francisco Croquevielle,Joaquín López
CSCR01,,,,,,,,,,,,/sites/Proyectos-TheHouse/Documentos compartidos/Corporación Seguir Creciendo/CSCR01,Josue Meneses,5/29/2026 9:58 AM,7/20/2026 7:32 AM,Juan Pablo Vega,,
GIRO01,,,,,,,,,,,,/sites/Proyectos-TheHouse/Documentos compartidos/GIRO/GIRO01 - Planificación Estratégica,Josue Meneses,5/29/2026 9:58 AM,5/29/2026 9:58 AM,,,
LUN02,,,,,,,,,,,,/sites/Proyectos-TheHouse/Documentos compartidos/Lundin Mining/LUN02 - Documento de justificación,Josue Meneses,5/29/2026 9:59 AM,7/20/2026 7:55 AM,Vicente Chadwick,,
MSB03,Diseño y Ajuste al Modelo Operativo Hidrogeología,Minera Salar Blanco S.A.,Minería,Sistema organizacional,"[""Alfonso Undurraga"",""Josefina Cruz"",""Tomás Concha"",""Javier de Petris""]","[""Modelo operativo"",""Alineamiento ejecutivo"",""Estructura"",""Ciclo de gobierno"",""Descriptor de cargo"",""Mapeo de procesos"",""Roadmap""]",Nicolás Iturra,Gerente Hidrogeología,1/7/2026,,"Consolidación de la Carta Gantt y ajuste de la estructura organizacional, roles y responsabilidades, y gobernanza de la Gerencia de Hidrogeología de MSB, de cara a 2026-2027",/sites/Proyectos-TheHouse/Documentos compartidos/Minera Salar Blanco/MSB03 - Diseño y Ajuste al Modelo Operativo Hidrogeología,Josue Meneses,5/29/2026 10:00 AM,7/23/2026 6:38 PM,Javier de Petris,Javier de Petris,
PASA05,Gobernanza de procesos críticos y proyectos estratégicos ,Parque Arauco ,Retail,Sistema organizacional,"[""Juan Pablo Vega"",""Sebastián Cifuentes"",""Miguel Mondaca"",""José Miguel Sepúlveda"",""Bernardita Lea-Plaza"",""Elisa Robinson"",""Fernanda Galilea""]","[""Benchmark"",""Roadmap"",""Plan de implementación"",""Comités"",""KPIs"",""Ciclo de gobierno"",""Optimización de procesos"",""Mapeo de procesos""]",Carolina Gutiérrez,Head of Proyectos Especiales,23/3/2026,6/5/2026,"El proyecto tuvo como objetivo consensuar la cadena de valor regional de PASA, identificando los procesos críticos y aquellos con mayores brechas. Además, se consolidaron las iniciativas existentes y se cruzaron con los procesos críticos, con el fin de evaluar los esfuerzos actualmente en curso. Posteriormente, se diseñó una gobernanza para abordar la gestión, seguimiento y mejora de los procesos críticos, para luego construir, a través de una matriz de priorización, una hoja de ruta de mejora de cara al futuro",/sites/Proyectos-TheHouse/Documentos compartidos/Parque Arauco/PASA05 - Gobernanza de procesos críticos y proyectos estratégicos,Josue Meneses,5/29/2026 10:01 AM,8/10/2026 6:06 AM,Vicente Chadwick,Elisa  Robinson,Gerardo Boetsch
LLCA01,,,,,,,,,,,,/sites/Proyectos-TheHouse/Documentos compartidos/Proyectos probono/LLCA01 - Alternativas de colaboración para fundaciones educacionales,Josue Meneses,5/29/2026 10:02 AM,7/20/2026 8:04 AM,Magdalena Galvez,,
PCO02,,,,,,,,,,,,/sites/Proyectos-TheHouse/Documentos compartidos/Pucobre/PCO02 - Modelo operativo GAF,Josue Meneses,5/29/2026 10:04 AM,5/29/2026 10:04 AM,,,
SDCH01,Operativización del Acuerdo con Novandino,Salares de Chile,Recursos naturales,Sistema organizacional,"[""Loredanna Celleri"",""Josefina Guridi"",""Javier de Petris"",""Fernanda Galilea""]","[""Plan de implementación"",""Modelo operativo""]",Jaime San Martín,Gerente General,13/3/2026,27/4/2026,"Diseñar el modelo de relacionamiento de Salares de Chile con Novandino Litio para operativizar el acuerdo con SQM, maximizando su valor dentro de las restricciones regulatorias. Cubrió estructura y roles, gobernanza y rutinas, y flujo de información, en dos etapas (bases y diseño/validación) con entrevistas a stakeholders y una sesión estratégica con el Directorio de Novandino",/sites/Proyectos-TheHouse/Documentos compartidos/Salares de Chile/SDCH01 - Operativización del acuerdo con Novandino,Josue Meneses,5/29/2026 11:25 AM,7/30/2026 4:13 PM,Vicente Chadwick,Javier de Petris,
SQM17,SQM17 - Rediseño organizacional OO.CC. SQM NV&PE,SQM,Minería,Sistema organizacional,"[""Alejandra Loyola"",""José Miguel Sepúlveda"",""Alfonso Undurraga"",""Pablo Murillo"",""Josefa Arias"",""Francisco Croquevielle"",""Joaquín Cerda""]","[""Estructura"",""Eficiencia"",""KPIs"",""Definiciones estratégicas"",""Descriptor de cargo"",""RACI"",""Negocio base"",""Poblamiento de la estructura"",""Automatización"",""Roadmap"",""Plan de implementación""]","Juan Pablo Bellolio, Joshua Barten","VP Comercial SQM NV&PE, Gerente de Estrategia y Gestión Comercial",23/2/2026,2/7/2026,"Parte I: Se rediseñó el modelo organizacional de las Subsidiarias de SQM NV&PE. Se integró el rol de Business Director en 4 mercados target (México, LatAm, Norteamérica y Europa & RoW), que será el responsable del P&L de su región y de integrar las funciones comercial, logística, operativa, etc., a nivel local.  Esta etapa también desarrolló un assessment estratégico.

Parte II: Se alinearon los líderes para el cambio, capacitando a los nuevos Business Directors y Planificadores. Se desarrolló un frente de simplificación del negocio, priorizando mercados, clientes y productos por región. Se dimensionó la oportunidad de valor de 40-80 MUSD en potencial EBITDA.
",/sites/Proyectos-TheHouse/Documentos compartidos/SQM/SQM17 - Modelo organizacional OO.CC. SPN,Josue Meneses,5/29/2026 11:26 AM,7/30/2026 4:12 PM,Joaquín Cerda,Francisco Croquevielle,Constanza Aguilera
WOM01,,,,,,,,,,,,/sites/Proyectos-TheHouse/Documentos compartidos/WOM/WOM01 - Offsite Management Team,Josue Meneses,5/29/2026 11:28 AM,7/20/2026 8:08 AM,Vicente Chadwick,,
EAS05,,,,,,,,,,,,/sites/Proyectos-TheHouse/Documentos compartidos/Easy/EAS05 - Planificación Estratégica Easy Chile,Josue Meneses,6/1/2026 7:35 AM,7/20/2026 7:27 AM,Juan Pablo Vega,,
SQM19,"SQM19 - Revisión Organizacional Gestión de Riesgos, Auditoría Interna y Compliance",SQM,Minería,Sistema organizacional,"[""Alejandra Loyola"",""Loredanna Celleri"",""Josefina Cruz"",""Javier de Petris"",""Simón Merino"",""Sofía Figueroa""]","[""Benchmark"",""Modelo de talento"",""Estructura"",""Comités"",""Mejores practicas"",""Dinámica de equipo"",""RACI"",""Liderazgo"",""DISC"",""Taller de Liderazgo""]",Gonzalo Aguirre,VP Legal SQM YNV,20/4/2026,6/11/2026,Sin resumen,"/sites/Proyectos-TheHouse/Documentos compartidos/SQM/SQM19 - Revisión Organizacional Gestión de Riesgos, Auditoría Interna y Compliance",Josue Meneses,6/5/2026 7:00 AM,7/31/2026 12:34 PM,Vicente Chadwick,Javier de Petris,Sofía Figueroa
SQM18,SQM18 - Revisión organizacional SQMi,SQM,Minería,Sistema organizacional,"[""Alejandra Loyola"",""Josefina Cruz"",""José Miguel Sepúlveda"",""Javier de Petris"",""Loredanna Celleri"",""Consuelo Moreno""]","[""Cultura organizacional"",""Estructura"",""Prioridades estratégicas"",""KPIs"",""Modelo operativo"",""RACI"",""Desvinculación""]",Mark Fones,CEO SQM International Lithium,16/3/2026,19/6/2026,Sin resumen,/sites/Proyectos-TheHouse/Documentos compartidos/SQM/SQM18 - Revisión organizacional Int. Lithium,Josue Meneses,6/23/2026 12:20 PM,7/30/2026 4:16 PM,Consuelo Moreno,Javier de Petris,
AA01,Sin nombre,Flo,Retail,Gestión del cambio,"[""Vicente Chadwick""]",,Sin contraparte,CEO,6/25/2026,,Sin resumen,/sites/Proyectos-TheHouse/Documentos compartidos/AAA (Pruebas)/AA01 - Test Martin,Josue Meneses,6/25/2026 12:09 PM,7/20/2026 11:44 AM,Martín Rosenfeld,,
AA04,,,,,,,,,,,,/sites/Proyectos-TheHouse/Documentos compartidos/AAA (Pruebas)/AA04 - Testst,Josue Meneses,6/25/2026 1:51 PM,7/20/2026 11:44 AM,,,
TEST0001,Proyecto de Prueba yujuu,Prueba viernesss,Minería,Estrategia,"[""Benjamín Matte"",""Francisco Croquevielle"",""Josefina Guridi""]","[""Benchmark"",""Estructura""]",Martín Rosenfeld,Consultor Analista,18/6/2024,25/12/2024,Resumen de proyecto... bla bla bla,/sites/Proyectos-TheHouse/Documentos compartidos/AAA (Pruebas)/TEST0001 - Proyecto Ficticio,Josue Meneses,7/15/2026 6:30 AM,7/20/2026 11:44 AM,,,
CENCO04,,,,,,,,,,,,/sites/Proyectos-TheHouse/Documentos compartidos/Cencosud/CENCO04 - Gobernanza de procesos Gerencia Personas & Organización,Josue Meneses,7/15/2026 11:44 AM,8/11/2026 3:01 PM,Francisco Croquevielle,,Vicente Chadwick
Codelco VP Sustentabilidad,,,,,,,,,,,,,Josue Meneses,7/15/2026 1:32 PM,7/15/2026 1:32 PM,,,
Codelco División Chuquicamata,,,,,,,,,,,,,Josue Meneses,7/15/2026 1:33 PM,7/15/2026 1:33 PM,,,
Codelco División El Teniente,,,,,,,,,,,,/sites/Proyectos-TheHouse/Documentos compartidos/Codelco/Codelco División El Teniente,Josue Meneses,7/15/2026 1:33 PM,8/20/2026 7:16 AM,Vicente Chadwick,,Florencia Santa Cruz
CSCxx,,,,,,,,,,,,,Josue Meneses,7/15/2026 1:33 PM,7/15/2026 1:33 PM,,,
COLBUN01,,,,,,,,,,,,/sites/Proyectos-TheHouse/Documentos compartidos/Colbún/COLBUN01 - Modelo organizacional de expansión,Josue Meneses,7/15/2026 1:33 PM,8/9/2026 6:54 PM,Andres Justiniano,,Vicente Chadwick
CSC08,,,,,,,,,,,,/sites/Proyectos-TheHouse/Documentos compartidos/Cenco malls/CSC08 - Programa de Loyalty,Josue Meneses,7/15/2026 1:35 PM,7/23/2026 9:40 AM,Javier de Petris,,
CSCxx,,,,,,,,,,,,,Josue Meneses,7/15/2026 1:35 PM,7/15/2026 1:35 PM,,,
ESS03,,,,,,,,,,,,,Josue Meneses,7/15/2026 2:51 PM,7/15/2026 2:51 PM,,,
ENG01,,,,,,,,,,,,/sites/Proyectos-TheHouse/Documentos compartidos/Engie/ENG01 - Apoyo a la transformación de la Gerencia O&M,Josue Meneses,7/15/2026 2:53 PM,7/20/2026 11:53 AM,Vicente Chadwick,,
Penta,,,,,,,,,,,,,Josue Meneses,7/15/2026 3:09 PM,7/15/2026 3:09 PM,,,
Penta,,,,,,,,,,,,,Josue Meneses,7/15/2026 3:09 PM,7/15/2026 3:09 PM,,,
Penta,,,,,,,,,,,,,Josue Meneses,7/15/2026 3:09 PM,7/15/2026 3:09 PM,,,
INFC01,,,,,,,,,,,,/sites/Proyectos-TheHouse/Documentos compartidos/Infocap/INFC01 - Modelo de negocio,Josue Meneses,7/15/2026 3:13 PM,7/20/2026 7:54 AM,Vicente Chadwick,,
VTR01,,,,,,,,,,,,,Josue Meneses,7/15/2026 3:32 PM,7/15/2026 3:32 PM,,,
SEN02,,,,,,,,,,,,/sites/Proyectos-TheHouse/Documentos compartidos/Senadis/SEN02 - Planificación estratégica,Josue Meneses,7/15/2026 3:34 PM,7/20/2026 8:10 AM,Vicente Chadwick,,
AA07,,,,,,,,,,,,/sites/Proyectos-TheHouse/Documentos compartidos/AAA (Pruebas)/AA07 - Test Test,Josue Meneses,7/17/2026 12:44 PM,7/20/2026 1:15 PM,,,Martín Rosenfeld
AA05,,,,,,,,,,,,/sites/Proyectos-TheHouse/Documentos compartidos/AAA (Pruebas)/AA05 - Ahora si test,Josue Meneses,7/17/2026 12:46 PM,7/20/2026 12:09 PM,Martín Rosenfeld,,
AA02,Prueba Manual ,Martin,Consumo masivo,Eficiencia operacional,"[""Andrés Justiniano"",""Andrés Mercado""]","[""Cultura organizacional""]",Martin,CEO,13/7/2026,16/7/2026,Prueba Manual,/sites/Proyectos-TheHouse/Documentos compartidos/AAA (Pruebas)/AA02 - Test Martín,Josue Meneses,7/20/2026 11:44 AM,7/20/2026 2:37 PM,,,Martín Rosenfeld
AA03,Prueba Manual,Martin,Consumo masivo,Eficiencia operacional,"[""Alessandra Tassan Din""]","[""Benchmark""]",Martín,CEO,7/6/2026,7/8/2026,Prueba Manual,/sites/Proyectos-TheHouse/Documentos compartidos/AAA (Pruebas)/AA03 - Test Martin,Josue Meneses,7/20/2026 12:01 PM,7/20/2026 2:56 PM,,,Martín Rosenfeld
AA11,,,,,,,,,,,,/sites/Proyectos-TheHouse/Documentos compartidos/AAA (Pruebas)/AA11 - Prueba,Josue Meneses,7/20/2026 3:01 PM,7/20/2026 3:11 PM,Martín Rosenfeld,,Martín Rosenfeld
BHP20,,,,,,,,,,,,/sites/Proyectos-TheHouse/Documentos compartidos/BHP/BHP20 - Modelo Operativo Digital,Josue Meneses,7/27/2026 7:26 AM,8/19/2026 6:21 PM,Joaquín López,,Joaquín López
CSC09,,,,,,,,,,,,/sites/Proyectos-TheHouse/Documentos compartidos/Cenco malls/CSC09 - Jornada de planificación estratégica,Josue Meneses,7/28/2026 11:29 AM,7/28/2026 11:29 AM,Tomás  Concha,,
DUR01,,,,,,,,,,,,/sites/Proyectos-TheHouse/Documentos compartidos/Duragas/DUR01 - Estrategia de clientes para la captura de valor Duragas,Josue Meneses,7/28/2026 3:31 PM,7/28/2026 3:31 PM,Javier de Petris,,
